"","Depth_ft","Al_wt%","Si_wt%","K_wt%","Ti_wt%","Fe_wt%","S_wt%","Mg_wt%","Ca_wt%","Sr_wt%","P_wt%","Mo_ppm","V_ppm","U_ppm","Ni_ppm","Cu_ppm","Zn_ppm","Th_ppm","Rb_ppm","Zr_ppm","Pb_ppm","Chemofacies","Formation"
"1",6141,4.9,16.74,2.22,0.001,4.97,1.78,0.3,1.99,0.01,0.08,1.5,10,8.3,107.14,50.2,98.64,8.02,59.96,118.15,33.51,1,"Utica FM"
"2",6141.6,7.98,28.22,2.83,0.001,5.32,2.39,1.3,0.95,0.01,0.06,1.5,10,8.78,97.59,56.13,102.44,23.59,62.07,129.97,31.48,1,"Utica FM"
"3",6142,7.4,28.79,2.69,0.57,5.02,2.65,1.12,2.26,0.02,0.02,7.59,238.16,9.26,104.05,52.68,103.54,7.81,57,145.77,37.01,2,"Utica FM"
"4",6142.6,8.3,29.34,2.7,0.57,5.58,3.03,1.72,1.29,0.01,0.05,6.54,214.31,10.41,131.47,68.08,114.91,6.64,56.94,145.99,43.14,2,"Utica FM"
"5",6143,5.15,26.24,1.7,0.001,4.71,1.89,0.9,2.31,0.03,0.02,1.5,10,10.985,99.98,71.86,130.66,9.15,84.75,169.27,20.24,1,"Utica FM"
"6",6143.6,7.49,28.59,2.69,0.001,5.08,2.21,1.38,1.31,0.01,0.06,9.18,10,11.56,127.41,53.22,102.76,9.71,58.57,118.87,48.86,2,"Utica FM"
"7",6144,7.02,24.33,2.39,0.49,4.17,1.82,1.2,8.4,0.03,0.06,1.5,178.56,10.385,114.07,52.5,91.68,10.27,48.1,114.56,16.14,1,"Utica FM"
"8",6144.6,7.53,27.31,2.68,0.001,4.87,2.46,1.24,1.16,0.01,0.06,1.5,10,9.21,95.81,64.16,127.66,10.81,61.84,127.37,12.62,1,"Utica FM"
"9",6145,5.28,18.06,2.3,0.001,4.66,1.97,0.3,2.16,0.02,0.08,1.5,10,10.33,87.37,48.82,102.49,9.42,149.47,144.47,23.76,1,"Utica FM"
"10",6145.6,8.24,28.22,2.99,0.64,5.05,2.29,1.19,1.74,0.02,0.07,1.5,236.91,11.45,115.68,53.6,95.62,9.46,61.87,147.31,23.03,2,"Utica FM"
"11",6146,7.73,25.19,2.72,0.56,5.12,2.89,1.39,1.37,0.02,0.1,1.5,192.93,13.68,108.12,44.44,88.61,9.31,63.19,142.91,33.82,2,"Utica FM"
"12",6146.6,8.45,28.87,2.72,0.001,5.77,3.75,1.35,1.25,0.01,0.11,15.58,10,13.24,164.67,63.76,83.45,13.7,57.87,125.5,80.23,2,"Utica FM"
"13",6147,7.04,23.98,2.68,0.001,5.27,2.66,0.62,1.57,0.01,0.12,1.5,10,12.62,108.07,47,88.7,11.31,62.96,119.85,27.2,1,"Utica FM"
"14",6147.6,7.81,30.56,2.46,0.001,4.93,2.67,1.37,1.21,0.02,0.12,5.7,10,12.05,125,73.12,89.46,23.68,54.44,134.7,36.75,1,"Utica FM"
"15",6148,8.62,29,2.77,0.56,5.09,2.18,1.7,2.59,0.01,0.11,9.71,233.59,15.85,132.4,39.52,91.16,9.49,56.54,142.92,41.78,2,"Utica FM"
"16",6148.6,7.82,27.61,2.64,0.001,5.8,3.88,1.03,1.27,0.01,0.11,14.92,10,16.475,162.65,56.26,90.23,7.86,132.74,153.42,68.08,2,"Utica FM"
"17",6149,8.2,27.86,2.7,0.56,5.15,2.39,1.38,2.65,0.02,0.05,6.91,208.75,17.1,123.25,57.09,74.89,8.18,51.04,131.22,50.46,2,"Utica FM"
"18",6149.6,7.55,26.76,2.28,0.46,4.88,2.42,1.44,5.72,0.02,0.11,13.34,194.6,17.54,136.25,64.71,81.77,7.78,49.67,124.85,53.67,2,"Utica FM"
"19",6150,8.09,27.35,2.42,0.97,5.24,3.12,1.54,3.34,0.02,0.27,14.34,10,13.81,137.35,124.48,275.49,9.66,54.37,117.3,73.14,2,"Utica FM"
"20",6150.6,7.19,23.67,2.17,0.001,4.66,2.27,2.21,9.5,0.02,0.19,11.01,10,17.8,117.19,52.82,61.47,7.19,43.86,95.11,45,2,"Utica FM"
"21",6151,7.21,23.62,2.17,0.001,4.78,2.12,2.17,9.11,0.03,0.15,9.9,10,12.3,117.96,54.26,75.89,7.93,103.73,112.01,35.01,2,"Utica FM"
"22",6151.6,6.72,23.39,2.04,0.36,4.62,1.98,1.62,9.74,0.03,0.14,6.62,155.25,14.22,122.61,50.99,64.57,9.11,42.07,110.38,46.17,2,"Utica FM"
"23",6152,6.7,22.54,2.03,0.94,4.88,2.32,1.57,8.66,0.03,0.17,12.88,10,11.47,105.21,69.82,51.32,10.78,103.12,111.34,52.63,2,"Utica FM"
"24",6152.6,8.6,30.32,2.76,0.001,4.84,2.9,1.23,2.1,0.01,0.13,17.41,10,21,124.33,82.59,91.97,10.37,55.38,122.78,54.46,2,"Utica FM"
"25",6153,8.64,28.95,2.71,0.001,4.61,2.62,1.62,4.06,0.02,0.1,12.86,10,16.24,121.52,68.16,84.92,10.91,54.05,107.11,47.25,2,"Utica FM"
"26",6153.6,7.66,26.71,2.4,0.001,4.42,2.2,1.25,6.48,0.03,0.17,17.38,10,14.6,131.85,63.89,119.67,9.9,120.88,127.64,34.67,2,"Utica FM"
"27",6154,7.15,23.73,2.14,0.001,4.71,2.37,1.91,8.4,0.02,0.21,12.9,10,16.94,142.48,54.93,90.29,14.1,44.6,105.43,49.79,2,"Utica FM"
"28",6154.6,8.46,29.55,2.57,0.53,5.04,3.1,1.33,2.97,0.02,0.15,18.56,235.44,15.51,149.07,88.13,63.05,9.5,53.79,140.57,79.35,2,"Utica FM"
"29",6155,8.34,29.18,2.58,0.52,4.66,2.72,1.11,4.31,0.02,0.04,32.07,223.46,22.64,124.1,60.58,66.38,10.02,55.07,141.21,64.25,2,"Utica FM"
"30",6155.6,8.49,28.92,2.58,0.51,4.91,2.99,1.75,4.37,0.02,0.13,19.32,241.91,19.18,138.16,75.05,60.93,7.8,53.07,136.44,70.85,2,"Utica FM"
"31",6156,7.36,23.24,2.1,0.001,4.96,2.33,2.75,9.88,0.03,0.15,13.04,10,15.08,128.7,59.83,49.05,6.09,101.54,123.95,53.45,2,"Utica FM"
"32",6156.6,8.3,27.02,2.49,0.46,4.65,2.68,2.22,6.07,0.02,0.16,13.97,197.9,15.22,136.78,59.7,57.77,8.94,51.11,131.29,54.85,2,"Utica FM"
"33",6157,8.05,26.53,2.39,0.001,4.79,2.82,1.68,6.23,0.02,0.14,13.33,10,16.34,148.7,65.12,52.83,19.67,50.41,106.64,73.13,2,"Utica FM"
"34",6157.6,4.18,13.26,1.27,0.001,3.38,1.21,1.24,20.7,0.03,0.02,9.29,10,19.85,89.88,46.37,68.27,9.91,40.56,96.52,34.82,1,"Utica FM"
"35",6158,8.67,27.29,2.52,0.46,4.76,3.03,2.43,6.82,0.02,0.17,15.7,203.57,17.75,120.82,60.11,58.84,11.18,47.94,128.29,65.18,2,"Utica FM"
"36",6158.6,8.61,27.21,2.46,0.43,4.57,3.06,2.02,7.14,0.03,0.17,15.83,181.4,16.7,124.36,72.4,87.04,6.41,46.55,125.53,58,2,"Utica FM"
"37",6159,8.42,28.24,2.67,0.001,5.04,3.9,1.14,3.28,0.02,0.12,23.4,10,12.04,139.74,72.46,115.87,9.96,133.8,126.68,65.4,2,"Utica FM"
"38",6159.6,7.27,24.81,2.46,0.44,4.58,2.58,1.16,6.74,0.03,0.13,12.53,205.79,14.42,114.89,68.79,73.86,8.1,50.22,126.79,58,2,"Utica FM"
"39",6160,7.5,26.57,2.49,0.001,4.45,4.75,1.59,5.15,0.02,0.1,18.21,10,19.02,142.17,72.12,101.58,9.45,53.11,106.38,57.14,2,"Utica FM"
"40",6160.6,8.97,28.69,2.39,0.45,4.66,3.21,1.58,6.03,0.03,0.06,10.79,190.38,13.38,133.53,65.58,100.84,10.04,47.92,132.53,57.45,2,"Utica FM"
"41",6161,8.32,27.17,2.5,0.001,4.29,2.84,1.89,6.43,0.03,0.1,10.04,10,16.25,122.67,58.8,68.02,7,114.51,130.27,44.73,2,"Utica FM"
"42",6161.6,6.79,23.74,2.21,0.39,4.02,2.47,1.07,10.39,0.04,0.12,12.27,155.28,19.12,111.1,47.49,61.54,8.09,42.81,117.45,42.28,2,"Utica FM"
"43",6162,6.69,22.55,1.97,0.001,4.35,2.36,1.71,12.34,0.04,0.07,10.49,10,17.105,105.08,46.11,57.92,9.96,93.1,118.11,36.25,2,"Utica FM"
"44",6162.6,7.64,26.27,2.37,0.001,4.52,2.55,1.72,6.9,0.02,0.12,7.42,10,15.09,116.32,66.62,81.65,29.02,49.57,103.1,41.25,1,"Utica FM"
"45",6163,7.81,26.38,2.34,0.42,4.3,2.49,1.78,7.34,0.03,0.14,8.17,151.81,13.63,124.24,51.35,72.96,6.88,47.94,125.06,43.44,2,"Utica FM"
"46",6163.6,7.32,25.79,2.19,0.001,4.18,2.72,1.47,9.31,0.04,0.14,13.3,10,13.265,121.64,57.29,68.38,10.31,101.48,113.44,41,2,"Utica FM"
"47",6164,6.32,23.71,2.05,1.23,4.19,2.48,1,8.62,0.03,0.02,9.4,10,12.9,127.48,70.37,68.28,10.24,43.83,99.34,43.09,1,"Utica FM"
"48",6164.6,8.12,29.32,2.36,0.46,4.19,2.8,1.3,6.02,0.03,0.13,12.69,184.18,19.32,123.56,71.51,96.02,6.57,48,126.28,43.97,2,"Utica FM"
"49",6165,7.52,26.3,2.26,0.4,4.38,2.99,1.69,8.27,0.03,0.06,7.45,165.88,13.7,127.56,66.64,99.19,10.9,44.77,116.81,51.26,2,"Utica FM"
"50",6165.6,6.78,24.66,2.26,0.41,4.06,2.12,1.17,9.04,0.03,0.09,9.63,176.1,14.21,113.93,50.25,65.14,8.92,44.73,129.38,34,2,"Utica FM"
"51",6166,7.1,25.25,2.27,0.43,4.38,2.57,1.46,7.11,0.03,0.11,8.81,180.87,8.99,109.91,54.68,82.26,12.3,48.96,127.6,35.45,2,"Utica FM"
"52",6166.6,7.98,27.8,2.33,0.43,3.91,2.54,2,7.91,0.03,0.1,11.01,191.49,20.69,108.71,50.55,83.36,11.41,45.95,132.04,27.63,2,"Utica FM"
"53",6167,7.35,26.48,2.07,0.001,4.1,2.65,1.29,9.36,0.03,0.2,13.14,10,23.58,117.69,48.11,133.23,9.46,44.11,123,31.77,2,"Utica FM"
"54",6167.6,8.17,28.79,2.43,0.48,4.05,2.79,0.88,6.53,0.03,0.18,9.62,220.19,19.73,118.35,56.39,180.93,8.33,47.75,135.97,25.52,2,"Utica FM"
"55",6168,7.8,27.69,2.27,0.46,4.06,2.52,0.9,6.72,0.03,0.17,15.39,199.87,16.55,114.62,84.28,1622.14,10.7,47.64,133.88,23.82,2,"Utica FM"
"56",6168.6,8.54,29.47,2.59,0.001,4.13,2.22,1.53,5.28,0.02,0.14,10.05,10,14.97,125,70.03,121.85,12.06,52.19,112.48,30.39,1,"Utica FM"
"57",6169,7.87,30.52,2.5,0.001,4.29,2.8,1.22,3.13,0.02,0.06,18.38,10,11.19,115.81,61.62,108.16,9.27,127.86,133.8,38.19,2,"Utica FM"
"58",6169.9,7.09,26.37,2.26,0.4,4.54,3.38,1.3,6.77,0.03,0.19,20.74,173.83,17.99,138.22,64.59,113.55,7.72,45.17,126.84,44.78,2,"Utica FM"
"59",6170,7.96,28.86,2.51,0.62,4.27,2.62,1.18,4.93,0.02,0.13,18.64,220.33,19.33,123.7,60.29,96.82,9.22,51.08,126.96,35.9,2,"Utica FM"
"60",6170.6,6.9,25.85,2.01,0.001,4.18,2.79,1.56,8.24,0.03,0.13,13.4,10,14.4,131.54,67.59,101.39,23.67,43.38,110.95,36.14,1,"Utica FM"
"61",6171,7.52,27.89,2.07,0.001,4.26,3.34,0.95,8.16,0.04,0.13,14,10,12.3,113.45,55.15,94.4,8.64,105.66,127.33,43.04,2,"Utica FM"
"62",6171.6,7.23,26.1,2.15,0.42,4.3,3.27,1.09,9.17,0.04,0.13,15.54,171.72,10.2,111.23,65.52,93.43,8.46,45.66,125.85,42.95,2,"Utica FM"
"63",6172,5.61,22.51,1.97,0.001,3.74,2.54,0.93,10.74,0.04,0.07,5.87,10,12.235,111.39,56.31,81.91,8.96,97.69,123.43,28.56,2,"Utica FM"
"64",6172.6,0.21,2.32,2.13,0.36,4.07,0.29,0.3,9.08,0.04,0.02,13.83,143.37,13.2525,114.06,64.24,124.46,25.07,43.64,128.38,37.74,2,"Utica FM"
"65",6173,6.67,25.93,1.99,0.001,4.25,2.79,1.01,8.12,0.04,0.02,11.68,10,13.76125,119.41,56.05,111.19,7.76,104.63,128.5,43.35,2,"Utica FM"
"66",6173.6,6.33,24.37,2.03,0.39,3.81,1.96,1.2,9.31,0.04,0.09,7.93,164.84,14.27,109.77,56.85,87.89,7.23,41.95,129.5,28.02,2,"Utica FM"
"67",6174,6.52,25.7,2.05,0.001,3.69,2.11,1.12,9.97,0.04,0.04,6.97,10,12.25,114.62,50.33,89.63,9.63,41.8,110.28,27.01,1,"Utica FM"
"68",6174.6,6.93,28.16,2.11,0.43,3.81,2.44,1.57,7.47,0.03,0.08,6.15,162.65,8.73,101.76,66.5,85.27,9.5,44.41,129.12,30.26,2,"Utica FM"
"69",6175,6.76,27.11,2.12,0.43,3.78,2.24,1.14,8.58,0.04,0.11,6.95,147.63,10.265,113.32,48.41,79.76,9.73,42.85,131.71,32.98,2,"Utica FM"
"70",6175.6,6.05,26.27,1.99,0.37,4.12,2.36,1.11,7.26,0.04,0.11,7.89,134.75,11.8,116.62,78.18,221.94,6.56,42.32,119.53,35.01,2,"Utica FM"
"71",6176,6.79,27.48,2.19,0.53,3.75,2.31,1.34,7.47,0.03,0.15,7.91,161.46,10.42,101.53,66.08,105.41,7.77,44.31,129.55,24.63,2,"Utica FM"
"72",6176.6,6.61,27.12,2.09,0.001,3.79,2.33,1.43,7.24,0.03,0.12,9.95,10,11.04,119.39,63.75,98.29,10.36,45.2,108.14,28.25,1,"Utica FM"
"73",6177,7.26,28.52,2.13,0.44,4.43,3.28,1.27,7.31,0.03,0.11,15.66,149.43,12.195,122.83,55.89,89.11,9.16,45.09,128.28,39.96,2,"Utica FM"
"74",6177.6,6.36,25.78,1.92,0.38,3.47,1.99,0.95,9.98,0.05,0.14,8.05,150.76,13.35,113.72,59.12,159.48,10.01,40.11,128.31,23.8,2,"Utica FM"
"75",6178,7.64,29.22,2.3,0.001,3.47,1.8,1.72,7.21,0.03,0.11,7,10,18.83,104.43,61.21,113.28,20.38,46.23,110.05,22.11,1,"Utica FM"
"76",6178.6,7.94,30.78,2.38,0.46,3.58,2.33,1.88,5.82,0.03,0.1,8.38,169.32,13.76,95.59,57.66,94.54,8.15,45.62,126.6,26.08,2,"Utica FM"
"77",6179,6.63,28.36,2.17,0.001,4.2,2.97,0.82,6.27,0.03,0.06,9.07,10,11.46,113.02,56.83,113.51,8.99,44.23,116.26,39.39,1,"Utica FM"
"78",6179.6,7.07,29.83,2.08,0.001,3.75,2.59,1.23,7.07,0.04,0.08,11.29,10,12.605,110.82,81.85,121.92,7.48,104.6,153.95,28.87,2,"Utica FM"
"79",6180,6.39,28.07,2.01,0.001,3.61,2.2,0.71,8.72,0.04,0.09,8.78,10,13.1775,129.32,46.68,123.78,6.03,102.66,134.51,23.15,2,"Utica FM"
"80",6180.6,6.73,26.51,1.97,0.39,3.36,2.01,1.33,10.43,0.05,0.13,7.88,138.5,13.75,118.08,59.1,119.63,7.93,40.03,137.26,22.56,2,"Utica FM"
"81",6181,6.77,26.85,2.15,0.42,3.87,2.96,1.14,8.51,0.04,0.13,7.34,169.41,12.81,131.32,44.75,97.64,9.58,44.97,126.55,27.77,2,"Utica FM"
"82",6181.6,5.61,24.69,1.84,0.001,3.39,2.08,0.43,11.56,0.04,0.02,6.24,10,13,101.36,60.89,103.84,24.4,38.35,101.52,22.12,4,"Utica FM"
"83",6182,5.04,24.42,1.71,0.49,3.35,1.93,0.64,11.26,0.05,0.02,6.48,117.5,13.19,113.9,72.21,133.02,20.19,35.15,162.77,28.85,1,"Utica FM"
"84",6182.6,5.72,25.46,2.01,0.001,4.03,2.48,0.84,8.78,0.04,0.02,6.87,10,14.68,112.49,81.74,129.21,7.47,103.39,128.31,30.65,2,"Utica FM"
"85",6183,5.56,24.81,1.97,0.4,3.33,1.59,1.02,10.09,0.05,0.08,1.5,135.05,15.425,106.04,45.68,75.42,9.86,41.34,133.33,16.92,1,"Utica FM"
"86",6183.6,5.74,24.91,1.98,0.001,3.25,1.69,0.52,10.75,0.05,0.1,6.61,10,15.7975,92.89,59.68,68.79,7.38,96.46,131.33,17.75,2,"Utica FM"
"87",6184,5.4,21.61,1.7,2.62,3.22,1.89,0.96,10.76,0.05,0.02,4.14,115.92,16.17,97.76,54.66,74.19,9.1,38.22,116.6,29.44,1,"Utica FM"
"88",6184.6,5.83,23.21,1.83,0.001,3.86,2.49,1.26,12.26,0.05,0.04,6.6,10,15.16,109.96,58.48,84.93,9.81,92.13,122.69,27.2,2,"Utica FM"
"89",6185,5.76,23.34,1.85,0.001,3.68,2.41,1.09,11.73,0.05,0.04,1.5,10,14.655,102.51,40.05,70.68,6.18,94.36,130.9,21.91,1,"Utica FM"
"90",6185.6,5.72,24.14,1.93,0.39,3.59,1.92,1.21,11.14,0.05,0.03,1.5,126.97,14.15,89.78,51.48,82.74,9.63,39.11,141.63,19.4,1,"Utica FM"
"91",6186,6.37,25.5,2.05,0.38,3.59,1.82,0.9,9.07,0.04,0.08,1.5,140.99,10.37,113.43,49.04,87.7,10.33,43.57,128.92,18.93,1,"Utica FM"
"92",6186.6,6.03,24.94,1.88,0.001,3.36,1.79,0.82,11.94,0.05,0.02,1.5,10,11.07,96.08,64.57,91.66,9.95,36.42,114.82,19.88,1,"Utica FM"
"93",6189,6.79,25.7,2.14,0.43,4.05,2.88,1.6,9.34,0.04,0.06,5.16,116.58,13.82,118.26,58.53,84.11,8,43.24,125.47,30.19,2,"Utica FM"
"94",6189.6,5.46,22.05,1.99,0.37,3.54,1.61,1.05,11.7,0.05,0.08,1.5,137.92,16.57,92.86,41.86,95,8.53,38.29,123.17,20.56,1,"Utica FM"
"95",6190,7.25,26.47,2.27,0.001,3.64,1.92,1.73,8.76,0.05,0.07,1.5,10,13.555,109.2,85.33,80.73,6.99,108.62,123,17.9,1,"Utica FM"
"96",6190.6,6.79,26.33,2.24,0.43,3.73,1.83,0.8,9.02,0.04,0.02,1.5,138.6,10.54,111.56,62.65,99.83,8.93,47.12,126.66,24.59,1,"Utica FM"
"97",6191,7.24,28.05,2.23,0.45,3.82,2.16,1.57,7.78,0.04,0.02,1.5,146.31,10.28,106.72,51.01,103.49,10.38,44.62,133,21.7,1,"Utica FM"
"98",6191.6,5.54,23.13,1.94,0.001,3.73,2.74,0.69,10.45,0.05,0.06,1.5,10,10.15,111.39,56.52,82.42,8.72,99.45,131.62,24.37,1,"Utica FM"
"99",6192,7.05,27.6,2.18,0.42,3.78,2.54,0.64,9.04,0.04,0.09,5.16,160.25,10.085,93.51,89.18,86.01,8.27,43.78,135.42,25.18,2,"Utica FM"
"100",6192.6,5.72,22.83,1.76,0.001,3.41,1.82,1.4,13.2,0.05,0.1,1.5,10,10.0525,86.8,60.31,160.28,11.63,89.37,127.78,22.09,1,"Utica FM"
"101",6193,6.32,25.42,2.02,0.001,3.55,1.83,1.73,10.04,0.04,0.1,1.5,10,10.02,105.83,52.49,86.48,8.19,40.8,103.8,19.86,1,"Utica FM"
"102",6193.6,6.69,26.81,1.99,0.4,3.75,2.24,1.25,9.82,0.04,0.09,1.5,140.09,10.34,115.93,66.55,83.16,6.27,41.58,133.71,25.78,1,"Utica FM"
"103",6194,7.27,26.85,2.17,0.001,3.66,2.22,1.9,9.87,0.04,0.06,1.5,10,11.31,101.92,63.44,101.86,8.05,106.74,122.59,24.95,1,"Utica FM"
"104",6194.6,6.55,25.7,2,0.4,3.4,1.78,1.29,9.9,0.04,0.09,1.5,121.96,12.28,118.9,38.97,82.31,8.66,41.44,131.58,13.54,1,"Utica FM"
"105",6195,6.18,24.85,2.04,0.36,3.29,1.61,1.65,10.05,0.04,0.12,1.5,114.8,10.755,90.73,42.13,79,9.22,41.13,125.66,20.37,1,"Utica FM"
"106",6195.6,5.92,23.68,2.02,0.37,3.9,2.27,1.02,10.24,0.04,0.08,5.02,126.51,9.9925,103.93,56.13,96.93,8.35,42.21,136.71,23.66,2,"Utica FM"
"107",6196,4.88,15.3,1.18,8.22,2.87,1.04,1.21,7.41,0.04,0.02,4.6,10,9.23,87.03,33.39,63.06,8.65,37.89,108.07,23.4,4,"Utica FM"
"108",6196.6,5.49,22.65,1.77,0.001,3.4,2.15,0.86,12.88,0.05,0.12,1.5,10,11.135,98.8,47.75,87.27,7.7,87.85,128.74,23.18,1,"Utica FM"
"109",6197,6.73,25.15,2.03,1.76,3.7,1.72,1.38,7.17,0.03,0.02,1.5,10,12.0875,104.48,51.09,111.94,12.06,113.07,137.97,18.29,1,"Utica FM"
"110",6197.6,6.72,27.71,2.23,0.44,3.78,1.93,0.65,6.4,0.03,0.1,1.5,125.08,13.04,115.47,40.43,79.77,22.85,48.22,136.74,24.22,1,"Utica FM"
"111",6198,7.79,29.07,2.35,0.47,3.73,1.91,1.39,6.6,0.03,0.08,1.5,154.23,14.445,85.29,61.32,91.87,9.62,48.67,138.79,25.11,1,"Utica FM"
"112",6198.6,7.51,26.84,2.28,0.46,4.03,2.11,1.4,8.65,0.03,0.08,5.72,138.85,15.85,109.7,69.17,117.96,26.96,44.96,137.02,24.99,1,"Utica FM"
"113",6199,6.26,24.58,1.9,0.001,3.55,1.96,1.58,11.22,0.03,0.12,1.5,10,13.21,108.43,39.85,83.42,8.74,39.65,114.45,17.45,1,"Utica FM"
"114",6199.6,7.23,26.51,2.17,0.001,3.85,2.22,1.46,9.07,0.04,0.05,1.5,10,11.89,122.5,43.76,86.92,9.07,110.11,135.01,21.91,1,"Utica FM"
"115",6200,7.09,26.05,2.08,1.27,4.11,2.12,1.68,7.28,0.03,0.02,1.5,10,11.23,87.35,60.78,63.21,9.68,111.78,132.24,23.69,1,"Utica FM"
"116",6200.6,6.69,25.18,2.01,0.41,4.17,2.41,1.33,10.87,0.04,0.1,1.5,134.47,10.57,93.33,51.31,66.37,25.31,40.45,149.3,22.63,1,"Utica FM"
"117",6201,6.84,25.55,2.12,0.001,3.73,2.03,1.59,10.1,0.04,0.12,1.5,10,9.43,103,51.78,94.45,7.32,104.06,140.25,24.1,1,"Utica FM"
"118",6201.6,7.46,27.64,2.39,0.001,3.86,1.93,1.62,6.83,0.03,0.09,1.5,10,8.86,120.16,38.38,95.11,8.94,115.39,142.98,21.12,1,"Utica FM"
"119",6202,7.74,28.53,2.37,0.46,3.77,2.17,1.58,6.48,0.03,0.08,1.5,145.06,8.29,92.01,47.82,80.77,9.18,46.2,138.51,18.68,1,"Utica FM"
"120",6202.6,7.93,29.06,2.37,0.001,3.84,2.41,2.03,6.1,0.03,0.05,1.5,10,11.49,93.46,63.6,71,7.97,116.52,139.76,18.81,1,"Utica FM"
"121",6203,6.98,26.22,2.25,0.001,3.74,1.93,1.02,8.58,0.03,0.13,1.5,10,13.09,115.32,55.84,87.58,9.83,45.77,120.52,16.45,1,"Utica FM"
"122",6203.6,6.98,25.44,2.16,0.001,3.64,1.85,0.82,9.71,0.03,0.11,1.5,10,13.89,96.06,47.04,96.99,8.96,42.09,121.83,23.04,1,"Utica FM"
"123",6204,6.43,24.29,1.81,0.001,3.4,1.71,1.09,13.05,0.05,0.08,1.5,10,14.29,99.65,54.18,120.56,10.49,91.34,157.05,18.31,1,"Utica FM"
"124",6204.6,7.72,27.25,2.37,0.43,3.21,1.63,0.99,8.14,0.04,0.15,1.5,122.98,14.69,98.97,47.04,132.99,10.73,45.41,174.66,21.28,1,"Utica FM"
"125",6205,6.23,24.79,1.96,0.001,3.42,1.78,1.22,11.56,0.04,0.21,1.5,10,12.14,87.23,56.59,128.27,9.93,95.41,156.9,15.91,1,"Utica FM"
"126",6205.6,7.2,26.61,2.22,0.001,3.57,1.63,0.99,8.87,0.04,0.13,1.5,10,10.865,89.36,39.37,92.52,13.02,106.08,156.85,12.9,1,"Utica FM"
"127",6206,7.05,27.01,2.25,0.69,3.67,1.73,1.44,7.43,0.03,0.13,1.5,136.13,10.2275,93.73,56.86,70.94,10.1,47.48,147.58,14.62,1,"Utica FM"
"128",6206.6,8.31,27.48,2.48,0.001,3.86,1.96,1.85,6.44,0.02,0.09,1.5,10,9.90875,93.79,48.2,82.69,9.38,49.89,118.42,19.65,1,"Utica FM"
"129",6207,7.92,26.23,2.43,0.001,4.15,2.13,1.58,6.38,0.02,0.04,1.5,10,9.59,98.7,40.57,92.74,8.74,51.49,112.03,24.39,1,"Utica FM"
"130",6207.6,3.34,11.86,1.36,0.14,2.14,0.88,0.3,28.87,0.1,0.11,1.5,40.92,10.99,78.54,26.79,165.64,7.87,46.3,65.81,5,4,"Utica FM"
"131",6208,6.37,23.25,1.8,0.001,3.39,1.83,1.64,12.87,0.05,0.17,1.5,10,11.69,98.39,56.12,191.82,10.37,85.66,159.98,12.41,1,"Utica FM"
"132",6208.6,6.51,22.57,2.23,0.001,3.52,2.17,1.28,9.21,0.04,0.1,1.5,10,12.04,86.27,52.87,88.93,8.25,108.92,130.53,17.23,1,"Utica FM"
"133",6209,5.81,19.45,1.74,0.32,3.31,1.78,1.22,14.8,0.06,0.02,1.5,97.77,12.215,98.24,50.94,182.18,9.81,39.42,119.8,14,1,"Utica FM"
"134",6209.6,7,23.06,2.32,0.43,3.56,1.67,1.02,9.86,0.04,0.11,1.5,123.56,12.3025,83.44,39.78,62.2,8.39,45.23,137.43,15.11,1,"Utica FM"
"135",6210,6.27,21.8,2.02,1.16,3.46,1.35,0.95,9.91,0.04,0.1,1.5,110.57,12.34625,108.98,38.22,64.77,11.43,43.55,141.84,12.95,1,"Utica FM"
"136",6210.6,6.42,22.3,2.11,0.42,3.55,1.54,1.32,9.86,0.04,0.03,1.5,144.52,12.39,105.84,42.93,65.71,11.4,45.46,138.08,12.62,1,"Utica FM"
"137",6211,5.48,20.51,2,0.41,3.64,1.64,1.15,11.23,0.05,0.03,1.5,119.02,14.005,94.26,51.97,79.78,8.92,41.63,140.54,17.71,1,"Utica FM"
"138",6211.6,5.46,21.52,1.77,0.001,3.53,1.91,1.38,13.6,0.04,0.07,1.5,10,14.8125,111.27,35.77,82.71,12.76,34.07,117.36,15.2,1,"Utica FM"
"139",6212,7.14,24.21,2.27,0.4,3.57,2.14,0.94,10.34,0.05,0.04,1.5,110.72,15.21625,83.85,41.91,55.71,11.72,43.19,127.29,11.55,1,"Utica FM"
"140",6212.6,6.68,24.13,2.1,0.001,3.57,1.75,1.11,10.33,0.04,0.11,1.5,10,15.62,110.34,34.71,58.67,12.74,43.03,108.82,16.72,1,"Utica FM"
"141",6213,7.24,24.86,2.26,0.42,3.64,1.9,1.32,9.17,0.04,0.1,1.5,137.86,15.825,92.99,34.36,54.75,8.02,44.93,136.74,14.25,1,"Utica FM"
"142",6213.6,6.32,22.61,1.89,0.001,3.51,2.07,1.12,13.64,0.05,0.17,1.5,10,15.9275,112.85,49.75,86.85,10.35,36.3,133.86,17.34,1,"Utica FM"
"143",6214,6.89,23.07,2.08,0.72,3.83,2.17,1.44,12.14,0.04,0.1,1.5,10,15.97875,99.34,53.54,48.58,9.03,40.31,113.97,15.61,1,"Utica FM"
"144",6214.6,7.04,23.45,2.08,0.4,3.58,1.9,1.72,11.73,0.05,0.14,1.5,89.7,16.03,93.75,44.87,47.99,11.27,42.22,142.76,15.61,1,"Utica FM"
"145",6215,5.92,22.11,1.87,0.39,3.69,1.95,0.81,12.38,0.05,0.13,1.5,98.98,15.855,105.39,42.71,62.18,11.72,38.55,133.23,15.47,1,"Utica FM"
"146",6215.6,6.9,23.21,1.98,0.4,3.58,1.67,1.56,12.59,0.05,0.12,1.5,96.19,15.68,91.07,50.54,46.75,9.09,41.11,139.48,18.13,1,"Utica FM"
"147",6216,7.09,22.57,2.2,0.94,3.58,1.74,1.54,10.43,0.04,0.18,3.92,10,13.45,101.03,47.74,52.23,10.61,44.4,125.52,13.29,1,"Utica FM"
"148",6216.6,7.13,24.27,2.2,0.43,3.64,2.13,1.55,11.17,0.05,0.13,1.5,109.78,12.335,98.27,63.56,45.82,13.06,42.99,145.41,14.74,1,"Utica FM"
"149",6217,6.22,21.81,1.98,0.54,3.54,1.69,1.34,12.69,0.06,0.12,1.5,111.95,11.7775,94.71,38.23,49.53,11.03,38.12,159.27,11.99,1,"Utica FM"
"150",6217.6,6.93,23.88,2.04,0.001,3.59,1.72,1.31,11.62,0.05,0.09,1.5,10,11.49875,99.62,32.47,57.2,10.05,102.91,147.28,10.52,1,"Utica FM"
"151",6218,6.43,21.85,1.81,0.001,3.56,1.88,1.73,14.04,0.05,0.09,1.5,10,11.22,99.55,32.81,76.2,6.48,35.9,113.76,11.7,1,"Utica FM"
"152",6218.6,6.33,23.61,2.1,0.001,4.08,2.35,1.65,9.85,0.04,0.13,1.5,10,11.555,99.88,53.03,84.77,6.81,42.64,118.99,20.88,1,"Utica FM"
"153",6219,6.6,23.44,2.23,0.47,3.77,2.03,1.05,8.97,0.04,0.16,1.5,121.65,11.7225,92.3,57.97,70.71,9.16,46.07,144.8,13.64,1,"Utica FM"
"154",6219.6,7.07,25.06,2.53,0.5,3.82,1.77,0.78,7.16,0.04,0.09,4.23,144.12,11.80625,89.35,34.34,61.69,8.98,50.14,139.81,13.06,1,"Utica FM"
"155",6220,7.37,25.05,2.26,0.45,3.77,2.2,1.88,8.91,0.04,0.11,1.5,133.93,11.89,100.31,39.8,77.48,8.82,44.61,139.89,14.05,1,"Utica FM"
"156",6220.6,7.8,26.74,2.37,0.001,3.71,1.96,1.5,8,0.04,0.03,1.5,10,13.01,110.27,40.37,69.29,7.95,116.63,140.97,14.69,1,"Utica FM"
"157",6221,7.18,25.41,2.31,0.44,3.7,1.84,1.21,8.23,0.04,0.12,1.5,131.72,13.57,106.08,44.24,75.89,8.54,46.03,141.43,13.2,1,"Utica FM"
"158",6221.6,7.65,26.48,2.31,0.43,3.78,1.87,1.06,8.9,0.04,0.11,1.5,128.1,14.13,103.1,43.4,88.19,11.96,46.3,132.75,18.77,1,"Utica FM"
"159",6222,6.94,24.68,2.33,1.46,3.67,1.72,0.99,6.66,0.03,0.02,1.5,10,12.21,91.17,47.55,80.74,7.75,48.12,111.06,17,1,"Utica FM"
"160",6222.6,6.52,25.21,1.96,0.001,3.57,1.82,1.01,10.65,0.05,0.06,1.5,10,11.25,107.82,32.57,96.79,7.22,97.37,173.4,13.37,1,"Utica FM"
"161",6223,7.95,26.9,2.4,0.48,3.72,1.66,1.43,8.4,0.04,0.02,1.5,126.96,10.77,88.1,50.28,75.8,11.55,48.68,137.82,10.89,1,"Utica FM"
"162",6223.6,8.1,27.73,2.54,0.46,3.83,1.92,0.85,6.92,0.04,0.09,3.75,150.48,10.53,96.06,55.51,82.87,9.04,51.94,134.01,16.04,1,"Utica FM"
"163",6224,4.83,19.16,1.47,2.02,3.4,1.7,0.52,15.29,0.05,0.02,1.5,10,10.41,89.56,50.96,65.93,5.61,32.11,112.77,16.33,1,"Utica FM"
"164",6224.6,7.97,26.84,2.57,0.001,3.93,2.03,1.44,6.94,0.03,0.02,1.5,10,10.29,97.65,50.92,67.04,9.27,50.16,115.82,14.57,1,"Utica FM"
"165",6225,5.95,22.35,1.9,0.001,3.78,2.58,1.02,13,0.06,0.14,1.5,10,12.285,113.31,44.25,116.4,10.85,98.44,153.51,17.26,1,"Utica FM"
"166",6225.6,6.86,24.87,2.27,0.001,3.62,1.83,1.17,9.26,0.04,0.08,1.5,10,13.2825,90.51,50.23,77.86,11.44,113.24,147.1,10.58,1,"Utica FM"
"167",6226,6.22,25.85,1.87,0.001,3.4,1.61,1.39,10.93,0.04,0.06,1.5,10,13.78125,66.14,38.65,60.67,10.37,36.91,129.31,13.97,1,"Utica FM"
"168",6226.6,6.96,24.74,2.31,0.001,3.7,1.87,1.56,9.55,0.04,0.19,3.72,10,14.28,104.98,47.9,72.46,9.38,44.7,121.49,14.7,1,"Utica FM"
"169",6227,5.75,19.43,1.83,0.001,3.46,1.88,1.23,16.28,0.06,0.17,1.5,10,12.905,84.93,48.62,56.83,9.41,92.1,117.87,8.48,1,"Utica FM"
"170",6227.6,7.37,25.72,2.26,0.43,3.68,2.11,1.15,9.2,0.04,0.2,1.5,127.85,12.2175,102.9,54.55,80.84,11.51,45.36,153.03,18.13,1,"Utica FM"
"171",6228,6.31,24.8,1.95,0.66,3.61,1.89,1.44,9.31,0.05,0.14,1.5,126.06,11.87375,103.06,43.15,70.41,10.68,42.32,169.26,13.04,1,"Utica FM"
"172",6228.6,7.2,24.75,2.31,0.001,3.77,2.03,1.38,8.98,0.04,0.18,1.5,10,11.701875,118.29,64.23,61.38,10.5,46.13,148.59,19.55,1,"Utica FM"
"173",6229,6.86,25.28,2.06,0.001,3.2,1.47,1.76,11.08,0.05,0.13,1.5,10,11.6159375,90.78,41,44.05,6.21,100.37,156.93,10.45,1,"Utica FM"
"174",6229.6,7.41,27.11,2.33,0.001,3.56,1.79,0.91,8.22,0.05,0.09,1.5,10,11.57296875,109.92,35.05,44.71,9.55,107.8,163.89,14.76,1,"Utica FM"
"175",6230,4.25,15.77,1.14,0.21,2.97,1.81,1.24,24.01,0.08,0.24,4.66,42.62,11.551484375,73.31,42.4,37.79,6.07,21.65,118.78,12.34,4,"Utica FM"
"176",6230.6,6.59,24.92,2.03,0.43,3.25,1.72,1.07,10.63,0.05,0.14,1.5,140.64,11.5407421875,109.78,32.7,48.96,7.92,42.71,161.53,13.19,1,"Utica FM"
"177",6231,7.03,25.39,2.12,0.001,3.3,1.67,1.21,10.69,0.05,0.1,1.5,10,11.53537109375,94.38,42.33,49.71,11.33,103.12,162.78,5,1,"Utica FM"
"178",6231.6,5.11,21.21,2.05,0.42,3.52,1.47,1.27,10.37,0.05,0.09,1.5,114.45,11.53,103.39,34.67,44.27,9.51,42.18,167.65,14.43,1,"Utica FM"
"179",6232,6.71,26.09,2.32,0.71,3.35,1.34,1.11,5.27,0.04,0.11,1.5,113.94,10.625,80.59,35.96,51.68,12.4,50.63,155.45,16.23,1,"Utica FM"
"180",6232.6,5.99,24.12,2.08,0.001,3.26,1.16,1.17,8.62,0.04,0.06,3.71,10,10.1725,102.71,38.41,68.69,8.98,48.38,121.46,14.51,1,"Utica FM"
"181",6233,8.34,27.09,2.66,0.46,3.25,1.35,0.9,4.48,0.03,0.13,1.5,123.72,9.72,108.36,48.88,151.25,13.32,53.23,169.01,19.94,1,"Utica FM"
"182",6233.6,1.02,4.72,0.52,0.04,1.91,0.87,0.3,38.86,0.15,0.02,1.5,10,11.385,86.27,37.3,17.02,10.64,13.74,38.27,9.55,4,"Utica FM"
"183",6234,7.32,28.06,2.31,0.49,3.3,1.32,1.81,6.91,0.03,0.18,1.5,144.93,13.05,97.15,30.62,73.11,7.96,47.64,170.11,7.24,1,"Utica FM"
"184",6234.6,6.66,26.05,2.1,0.45,3.25,1.47,1.1,9.36,0.04,0.13,1.5,127.51,11.625,103.75,38.41,80.57,10.89,43.24,167.62,13.81,1,"Utica FM"
"185",6235,6.8,26.39,2.34,0.49,3.42,1.64,0.44,7.7,0.04,0.1,1.5,148.32,10.9125,94.78,50.13,77.62,12.42,52,140.53,17.41,1,"Utica FM"
"186",6235.6,7.24,27.48,2.5,0.52,3.62,1.72,1.1,6.29,0.03,0.06,1.5,162.55,10.55625,106.04,27.98,72.22,9.51,51.53,139.92,18.9,1,"Utica FM"
"187",6236,6.81,27.35,2.29,0.001,3.52,1.71,1.06,7.32,0.03,0.07,1.5,10,10.2,106.78,42.59,64.49,9.02,48.42,126.04,16.93,1,"Utica FM"
"188",6236.6,3.07,12.38,1.49,0.18,2.17,0.87,0.3,27.93,0.1,0.03,1.5,54.97,10.755,109.99,23.09,37.54,6.2,48.06,97.76,6.5,4,"Utica FM"
"189",6237,6.51,23.11,2.2,0.43,3.12,1.33,0.74,10.1,0.05,0.15,1.5,118.15,11.31,98.52,32.36,80.11,10.42,46.39,128.18,10.64,1,"Utica FM"
"190",6237.6,5.17,23.27,1.64,0.001,2.78,1.09,0.65,14.07,0.06,0.17,1.5,10,10.445,104.4,39.26,185.04,8.47,82.74,178.52,11.83,1,"Utica FM"
"191",6238,3.05,15.52,1.62,0.22,2.15,0.84,0.63,22.93,0.07,0.12,1.5,52.29,10.0125,99.29,7.5,45.94,4.83,20.72,137.43,10.35,4,"Utica FM"
"192",6238.6,4.29,21.58,1.31,0.001,2.66,1.16,1.07,16.78,0.05,0.26,1.5,10,9.79625,99.31,38.54,184.11,7.8,27.53,154.67,10.23,4,"Utica FM"
"193",6239,6.77,26.02,2.32,0.001,3.27,1.58,1.48,7.18,0.03,0.13,1.5,10,9.688125,102.49,51.35,154.84,11.61,47.25,139.97,9.04,1,"Utica FM"
"194",6239.6,7.68,26.24,2.56,0.001,3.4,1.62,1.45,5.98,0.03,0.18,1.5,10,9.6340625,112.11,46.64,123.33,9.98,54.13,115.9,13.19,1,"Utica FM"
"195",6240,6.26,25.03,1.98,0.42,3.22,1.75,1.25,10.01,0.05,0.23,1.5,122.85,9.60703125,111.27,41.99,126.84,10.41,41.64,152.06,16.47,1,"Utica FM"
"196",6240.6,6.63,24.79,2.02,0.39,2.9,1.41,1.09,11.55,0.05,0.14,1.5,102.8,9.593515625,85.77,46.18,95.73,10.06,41.87,133.45,9.85,1,"Utica FM"
"197",6241,4.53,19.04,1.33,0.001,2.76,1.59,0.92,19.24,0.08,0.28,1.5,10,9.5867578125,102.68,40.55,95.04,10.04,26.96,123.39,10.54,4,"Utica FM"
"198",6241.6,4.89,20.85,1.67,0.001,2.42,0.98,0.3,15.97,0.07,0.25,1.5,10,9.58337890625,83.83,41.98,101.9,10.29,31.13,121.08,8.68,4,"Utica FM"
"199",6242,4.37,19.65,1.2,0.001,2.4,1.01,1.67,20.12,0.07,0.12,1.5,10,9.581689453125,94.1,29.9,56.79,6.77,23.53,132.47,8.7,4,"Utica FM"
"200",6242.6,3.98,17.99,1.28,0.001,2.56,1.03,0.3,19.15,0.08,0.19,1.5,10,9.5808447265625,110.79,31.66,86.1,6.57,71.83,141.95,5,4,"Utica FM"
"201",6243,3.96,17.81,1.29,0.3,2.41,1.74,0.91,18.63,0.08,0.09,1.5,86.71,9.58042236328125,88.6,26.73,78.32,11.55,27.39,163.28,10.02,1,"Utica FM"
"202",6243.6,6.84,26.32,2.07,0.001,3.08,1.46,0.95,9.2,0.05,0.14,1.5,10,9.58021118164062,114.37,36.29,78.38,11.82,108.65,146.47,12.73,1,"Utica FM"
"203",6244,6.36,22.01,1.82,0.36,3.46,2.61,1.19,14.94,0.07,0.18,1.5,107.41,9.58010559082031,87.81,75.59,60.57,6.86,41.28,127.7,11.92,1,"Utica FM"
"204",6244.6,6.2,23.18,1.96,0.4,3.45,2.1,1.55,11.73,0.06,0.15,1.5,107.75,9.58,126.3,45.9,73.78,7.55,41.81,136.63,21.2,1,"Utica FM"
"205",6245,5.9,22.37,1.77,0.001,3.1,1.81,1.13,13.19,0.06,0.1,1.5,10,11.32,114.86,45.63,52.41,9.96,93.05,153.07,15.88,1,"Utica FM"
"206",6245.6,6.53,24.84,2.01,0.001,3.3,1.99,0.76,11.04,0.05,0.11,1.5,10,12.19,103.1,44.43,48.13,9.27,97.3,163.21,20.48,1,"Utica FM"
"207",6246,4.92,19.52,1.55,0.001,2.56,0.98,1.05,17.57,0.06,0.15,1.5,10,12.625,100.64,43.73,76.62,6.51,32.58,107.4,7.8,4,"Utica FM"
"208",6246.6,5.73,22.45,1.96,0.001,2.91,1.39,0.81,11.64,0.04,0.2,1.5,10,12.8425,118.16,33.95,75.22,10.88,42.13,124.2,9.75,1,"Utica FM"
"209",6247,4.83,20.11,1.54,0.001,3.03,1.71,0.78,15.75,0.06,0.19,1.5,10,12.95125,104.13,43.12,82.89,22.25,33.98,134.22,13.86,4,"Utica FM"
"210",6247.6,5.09,20.58,1.77,0.38,3.16,1.66,1.63,14.32,0.06,0.17,1.5,98.01,13.005625,117.35,39.18,72,11.46,39.62,147.79,16.72,1,"Utica FM"
"211",6248,6.01,22.45,2.06,0.001,3.12,1.52,0.65,11.16,0.04,0.1,1.5,10,13.06,97.16,36.26,66.79,13.16,41.88,110.66,13.04,1,"Utica FM"
"212",6248.6,5.33,20.13,1.64,0.001,2.93,1.43,1.88,13.9,0.05,0.05,1.5,10,13,110.49,45.39,53.37,8.33,39.04,113.8,12.83,1,"Utica FM"
"213",6249,5.94,22.24,1.84,0.001,2.84,0.97,0.84,13.34,0.06,0.1,1.5,10,12.97,103.83,27.24,59.34,13.27,95.44,140.97,10.66,1,"Utica FM"
"214",6249.6,5.77,21.34,1.79,0.34,2.79,0.78,1.84,14.36,0.05,0.05,1.5,106.62,12.955,88.19,7.5,72.86,11.55,38.08,112.71,9.55,1,"Utica FM"
"215",6250,6.85,23.85,2.37,0.001,3.08,1.31,0.8,10.09,0.05,0.17,1.5,10,12.9475,91.45,33.38,79.45,12.07,114.72,136.5,8.49,1,"Utica FM"
"216",6250.6,7.05,24.3,2.31,0.001,3.11,1.14,0.92,9.18,0.04,0.15,1.5,10,12.94375,100.18,7.5,68.51,6.83,117.29,151.07,10.85,1,"Utica FM"
"217",6251,4.43,13.71,0.47,0.001,2.3,1.04,1.05,35.34,0.42,0.02,7.91,10,12.941875,100.21,31.65,41.86,51.9,13.53,60.42,5,4,"Utica FM"
"218",6251.6,4.2,18.29,1.32,0.001,2.68,1.05,0.3,18.6,0.06,0.14,1.5,10,12.9409375,102.21,26.27,54.75,9.26,31.51,117.96,9.71,4,"Utica FM"
"219",6252,3.64,16.25,1.04,0.21,2.39,0.88,1.07,23.38,0.08,0.14,1.5,59.01,12.94046875,97.54,28.26,156.94,6.39,53.71,117.49,7.67,4,"Utica FM"
"220",6252.6,4.25,18.3,1.29,0.27,2.42,0.83,1.01,20.61,0.07,0.09,1.5,72.5,12.940234375,85.4,34.52,76.88,7.95,23.31,120.37,5,1,"Utica FM"
"221",6253,6.32,23.36,1.97,0.001,2.82,0.97,1.52,11.25,0.04,0.14,1.5,10,12.9401171875,106.85,32.33,63.98,9.8,41.57,119.74,10.83,1,"Utica FM"
"222",6253.6,5.1,22.4,1.49,0.37,2.8,1.08,0.85,16.22,0.07,0.15,1.5,87.18,12.94005859375,108.28,32.73,65.05,9.56,30.86,162.95,10.25,1,"Utica FM"
"223",6254,6.38,24.74,1.97,0.001,3.02,1.29,1.06,12.02,0.04,0.18,1.5,10,12.940029296875,102.5,28.45,69.13,28.56,39.95,132.1,12.91,4,"Utica FM"
"224",6254.6,6.48,24.46,1.98,0.001,2.93,1.36,1.18,12.41,0.05,0.12,1.5,10,12.9400146484375,92.74,29.84,54.46,8.89,39.05,128.35,11.22,1,"Utica FM"
"225",6255,6.77,23.35,2.17,0.001,2.94,2.61,1.18,9.71,0.04,0.1,1.5,10,12.94,97.96,38.65,72.32,10.65,44.75,133.16,18.4,1,"Utica FM"
"226",6255.6,6.48,22.55,1.61,0.001,2.47,1.41,1.08,18.92,0.07,0.08,1.5,10,11.795,84.85,7.5,59.72,6.49,27.33,99.66,8.95,4,"Utica FM"
"227",6256,2.71,10.27,0.78,0.001,2.02,0.66,0.3,32.58,0.11,0.06,1.5,10,11.2225,78.24,7.5,36.18,8.165,43.52,62.88,5,4,"Utica FM"
"228",6256.6,6.04,24.25,1.83,0.42,3,1.23,0.8,12.89,0.05,0.1,1.5,96.47,10.65,100.49,33.94,56.76,9.84,36.58,158.63,13.53,1,"Utica FM"
"229",6257,6.04,24.33,2.05,0.45,3.02,1.23,0.93,10.65,0.05,0.14,1.5,102.4,10.755,78.33,39.86,54.2,10.3,41.08,159.67,12.13,1,"Utica FM"
"230",6257.6,7.27,26.14,2.3,0.47,3.05,1.36,1.88,9.33,0.04,0.11,1.5,129.65,10.86,114.82,37.84,65.83,10.39,47,141.66,12.1,1,"Utica FM"
"231",6258,8.43,29.84,2.46,0.51,3.18,1.28,1.32,7.42,0.04,0.03,1.5,141.59,10.89,102.3,42.6,55.36,9.08,44.8,146.15,8.74,1,"Utica FM"
"232",6258.6,6.49,24.98,2.01,0.001,3.18,1.31,1.91,11.39,0.04,0.14,1.5,10,10.92,101.87,36.62,73.29,10.41,39.42,118.4,12.84,1,"Utica FM"
"233",6259,6.57,26.05,2,0.001,2.96,1.03,1.11,10.78,0.05,0.14,1.5,10,11.04,101.45,7.5,60.03,8.88,95.58,142.25,10.35,1,"Utica FM"
"234",6259.6,6.24,25.17,1.98,0.4,2.94,1.14,0.81,11.13,0.05,0.14,1.5,114.16,11.1,85.53,46.67,62.31,11.61,40.52,138.59,12.16,1,"Utica FM"
"235",6260,5.35,23.26,1.56,0.001,2.73,1.15,1.05,15.9,0.07,0.16,1.5,10,11.13,82.33,37.67,71.64,8.36,31.49,119,9.95,4,"Utica FM"
"236",6260.6,1.86,8.49,1.11,0.12,1.95,1.78,0.87,32.54,0.16,0.02,1.5,31.76,11.145,94.95,7.5,88.29,34.17,42.66,55.28,8.77,4,"Utica FM"
"237",6261,4.35,19.73,1.33,0.28,2.7,1.26,0.98,16.83,0.08,0.12,1.5,69.44,11.1525,112.48,27.44,100.42,8.3,28.71,138.63,10.87,1,"Utica FM"
"238",6261.6,7.56,28.32,2.29,0.44,3.03,1.21,1.62,8.14,0.05,0.09,1.5,125.43,11.16,97.01,31.58,69.46,8.88,45.75,134.47,14.23,1,"Utica FM"
"239",6262,5.25,21.8,1.5,0.3,2.63,1.06,1.02,16.86,0.09,0.03,1.5,72.79,11.155,105.37,30.6,75.79,9.99,33.53,122.01,7.11,1,"Utica FM"
"240",6262.6,5.5,24.41,1.61,0.001,2.75,1,1.87,12.69,0.05,0.07,1.5,10,11.15,108.4,28.51,67.23,26.07,36.42,110.11,9.83,1,"Utica FM"
"241",6263,4.72,21.72,1.39,0.001,2.61,0.92,0.77,16.3,0.07,0.03,1.5,10,10.405,67.75,27.44,64.82,9.44,81.75,110.44,10.12,1,"Utica FM"
"242",6263.6,5.38,24.63,1.55,0.001,2.65,1.07,0.86,15.63,0.06,0.09,1.5,10,10.0325,86.19,33.04,65.9,7.8,30.92,96.17,9.55,4,"Utica FM"
"243",6264,5.55,26.2,1.7,0.001,2.51,0.88,1.51,12.73,0.06,0.03,1.5,10,9.84625,110.67,7.5,64.63,9.95,87.48,128.45,11.3,1,"Utica FM"
"244",6264.6,5.62,26.59,1.73,0.001,2.68,1.05,1.07,11.65,0.06,0.06,1.5,10,9.753125,91.28,39.6,92.87,9.12,93.79,142.19,10.62,1,"Utica FM"
"245",6265,6.21,27.31,1.92,0.37,2.72,1.01,1.5,9.81,0.05,0.02,1.5,111.05,9.66,75.08,33.92,82.16,8.73,39.65,133.54,13.33,1,"Utica FM"
"246",6265.6,7.38,29.8,2.31,0.001,2.67,0.97,1,7.13,0.04,0.1,1.5,10,10.155,76.13,26.68,78.96,11.68,109.59,142.15,11.63,1,"Utica FM"
"247",6266,1.78,7.51,0.37,0.001,1.66,0.76,1.96,36.87,0.21,0.08,1.5,10,10.4025,104.3,32.27,24,10.075,24.01,42.58,9.2,4,"Utica FM"
"248",6266.6,5.58,26.73,1.68,0.001,2.5,0.86,1.53,12.74,0.04,0.03,1.5,10,10.52625,85.35,36.19,77.17,8.47,34.98,102.29,8.05,1,"Utica FM"
"249",6267,4.28,22.67,1.35,0.31,2.53,0.9,1.3,16.1,0.07,0.13,1.5,90.05,10.588125,111.19,37.37,109.72,6.71,28.83,170.69,12.23,1,"Utica FM"
"250",6267.6,5.98,25.63,1.83,0.001,2.82,0.83,1.85,12.23,0.05,0.08,1.5,10,10.6190625,115.99,29.97,69.74,9.47,93.17,127.69,7.88,1,"Utica FM"
"251",6268,7.76,28.68,2.5,0.001,2.79,1.02,1.71,8,0.03,0.05,1.5,10,10.65,104.79,42.55,75.35,9.99,49.03,100.76,11.3,1,"Utica FM"
"252",6268.6,5.04,22.78,1.5,0.001,2.44,0.9,0.8,16.99,0.07,0.09,1.5,10,11.29,86.18,29.06,70.49,8.92,82.48,117.57,5,1,"Utica FM"
"253",6269,4.68,22.01,1.72,0.001,2.8,1.83,0.83,13.2,0.05,0.1,1.5,10,11.93,86.21,34.42,59.75,9.41,35.87,116.33,13.14,1,"Utica FM"
"254",6269.6,7.11,26.6,2.12,0.001,3.02,1.42,1.32,9.9,0.05,0.14,1.5,10,12.305,107.3,7.5,65.55,10.85,103.85,128.64,11.3,1,"Utica FM"
"255",6270,6.06,23.58,1.64,0.32,2.91,1.35,1.53,15.55,0.07,0.1,1.5,89.44,12.4925,120.98,30.45,51.13,6.99,34.46,127.3,8.06,1,"Utica FM"
"256",6270.6,3.21,13,0.85,0.001,2.09,0.84,0.72,28.59,0.13,0.08,1.5,10,12.58625,102.62,31.52,39.34,7.42,56.43,77.75,5,4,"Utica FM"
"257",6271,6.37,25.76,2.03,0.38,2.96,1.37,1.43,11.01,0.05,0.14,1.5,97.67,12.633125,92.99,29.34,64.14,9.58,38.83,134.47,9.18,1,"Utica FM"
"258",6271.6,5.68,21.9,1.69,0.32,2.52,1.05,1.16,17.2,0.07,0.14,1.5,93.58,12.6565625,103.92,30.19,47.57,26.46,35.91,110.52,10.74,4,"Utica FM"
"259",6272,5.13,21.35,1.42,0.001,2.63,0.98,1.17,17.3,0.07,0.08,1.5,10,12.66828125,100.09,39.89,45.34,6.51,30.64,96.89,12.92,4,"Utica FM"
"260",6272.6,5.61,23.76,1.78,0.001,2.67,1.06,1.03,14.49,0.05,0.07,1.5,10,12.674140625,84.4,29.98,58.81,9.49,36.34,115.78,9.09,4,"Utica FM"
"261",6273,6.98,23.75,2.11,0.42,2.66,1.3,1.01,11.06,0.07,0.07,1.5,122.97,12.68,86.62,52.91,49.57,17.94,45.47,149.98,9.93,1,"Utica FM"
"262",6273.6,7.21,25.43,2.16,0.001,3.07,1.28,1.57,11.07,0.04,0.05,1.5,10,11.16,90.53,35.47,41.71,12.99,44.87,106.98,14.4,1,"Utica FM"
"263",6274,5.41,22.58,1.92,0.001,2.85,1.07,1.09,11.4,0.06,0.06,1.5,10,10.4,91.34,30.55,52.03,9.68,96.11,132.82,9.34,1,"Utica FM"
"264",6274.6,7.08,25.25,2.22,0.001,2.96,1.21,1.21,10.25,0.04,0.17,1.5,10,10.02,92.59,35.27,58.54,12.03,44.28,107.19,11.73,1,"Utica FM"
"265",6275,4.99,20,1.54,0.3,2.39,0.91,1.23,19.36,0.07,0.15,1.5,82.6,9.83,101.13,7.5,37.06,9.3,26.28,98.9,8.3,1,"Utica FM"
"266",6275.6,6.84,23.84,2.07,0.001,2.97,1.22,1.73,12.97,0.06,0.22,1.5,10,9.735,92.46,30.13,60.72,8.45,99.93,128.13,10.07,1,"Utica FM"
"267",6276,3.39,15.64,1.5,0.19,2.12,0.7,0.88,26.04,0.13,0.2,1.5,45.66,9.6875,85.06,27.3,204.57,35.92,19.84,84.16,5,4,"Utica FM"
"268",6276.6,6.33,23.92,1.81,0.001,2.72,0.89,1.77,13.9,0.07,0.21,1.5,10,9.66375,102.65,43.42,63.37,9.56,92.32,127.17,8.4,1,"Utica FM"
"269",6277,4.31,18.14,1.38,0.27,2.44,0.87,0.71,19.24,0.07,0.11,1.5,67.08,9.651875,111.37,31.99,55.96,8.32,30.05,110.8,6.69,1,"Utica FM"
"270",6277.6,8.22,26.28,2.59,0.001,2.8,1.07,0.81,7.81,0.04,0.09,1.5,10,9.6459375,104.94,27.39,50.87,17.82,52.17,114.8,5,1,"Utica FM"
"271",6278,4.7,16.05,1.23,1.33,2.69,1.27,1,21.2,0.12,0.02,1.5,10,9.64296875,88.37,28.43,62.65,6.48,28.64,89.8,9.17,1,"Utica FM"
"272",6278.6,4.24,18.49,1.38,0.001,2.62,0.89,0.62,18.05,0.07,0.11,1.5,10,9.641484375,95.24,7.5,40.01,8.14,28.39,104.75,10.12,4,"Utica FM"
"273",6279,6.75,24.3,2.28,0.46,3.07,1.24,1.38,9.55,0.05,0.05,1.5,142.83,9.6407421875,95.94,27.99,56.01,8.75,48.54,142.71,14.43,1,"Utica FM"
"274",6279.6,7.41,26.63,2.26,0.001,3.22,1.55,0.95,9.09,0.04,0.06,1.5,10,9.64,101.39,47.26,59.11,10.98,47.12,115.01,13.54,1,"Utica FM"
"275",6280,4.7,17.05,1.12,0.001,2.76,0.9,1.12,22.96,0.08,0.06,1.5,10,11.965,92.97,34.28,42.8,33.89,30,94.93,5,4,"Utica FM"
"276",6280.6,7.07,25.02,2.25,0.43,3.26,1.49,1.02,10.4,0.05,0.06,1.5,104.4,13.1275,102.31,40.69,47.9,10.09,45.81,138.86,12.67,1,"Utica FM"
"277",6280.6,7.07,25.02,2.25,0.43,3.26,1.49,1.02,10.4,0.05,0.06,1.5,104.4,13.70875,102.31,40.69,47.9,10.09,45.81,138.86,12.67,1,"Utica FM"
"278",6281,6.5,24.41,2.24,0.45,3.13,1.67,0.66,8.46,0.04,0.04,1.5,135.96,14.29,93.87,36.66,44.68,8.63,47.1,139.15,14.29,1,"Utica FM"
"279",6281.6,5.89,22.26,2.08,0.42,3.22,1.42,1.13,8.13,0.04,0.05,1.5,117.63,14.56,104.2,27.33,50.48,9.63,47.21,135.75,13.65,1,"Utica FM"
"280",6282,4.32,19.33,1.41,0.001,2.69,1.2,1.21,16.4,0.07,0.11,1.5,10,14.695,110.73,36.57,58.51,9.57,74.86,152.55,5,1,"Utica FM"
"281",6282.6,5.03,19,1.69,0.35,2.99,1.36,0.88,14.87,0.05,0.02,1.5,106.26,14.7625,112.3,42.92,56.32,8.3,37.77,111.86,8.3,1,"Utica FM"
"282",6283,5.51,19.77,1.92,0.35,2.87,1.42,1.45,14.45,0.06,0.07,1.5,105.64,14.79625,109.03,46.16,60.66,11.01,37.85,123.54,12.72,1,"Utica FM"
"283",6283.6,4.58,19.35,1.58,0.31,2.87,1.35,0.95,14.57,0.07,0.1,1.5,95.26,14.83,94.57,42.69,66.25,7.91,32.22,141.71,9.44,1,"Utica FM"
"284",6284,5.67,19.02,2.05,1.72,2.73,0.94,1.43,9.36,0.05,0.02,1.5,10,14.56,109.8,38.74,46.22,11.22,111.11,137.37,10.5,1,"Utica FM"
"285",6284.6,3.34,12.31,1.01,0.001,2.41,1.01,0.3,25.51,0.12,0.06,1.5,10,14.425,104.9,7.5,55.5,6.49,24.17,79.66,10.59,4,"Utica FM"
"286",6285,5.6,21.26,1.97,0.001,2.82,0.92,0.76,11.76,0.05,0.08,1.5,10,14.3575,93.68,34.16,70.76,8.45,99.3,139.06,9.96,1,"Utica FM"
"287",6285.6,6.49,23.2,2.07,0.41,2.73,1.05,1.26,10.43,0.05,0.18,1.5,105.82,14.32375,100.89,34.31,79.68,14.99,43.22,162.83,14.32,1,"Utica FM"
"288",6280.6,7.07,25.02,2.25,0.43,3.26,1.49,1.02,10.4,0.05,0.06,1.5,104.4,14.306875,102.31,40.69,47.9,10.09,45.81,138.86,12.67,1,"Utica FM"
"289",6281,6.5,24.41,2.24,0.45,3.13,1.67,0.66,8.46,0.04,0.04,1.5,135.96,14.29,93.87,36.66,44.68,8.63,47.1,139.15,14.29,1,"Utica FM"
"290",6281.6,5.89,22.26,2.08,0.42,3.22,1.42,1.13,8.13,0.04,0.05,1.5,117.63,14.29,104.2,27.33,50.48,9.63,47.21,135.75,13.65,1,"Utica FM"
"291",6280.6,7.07,25.02,2.25,0.43,3.26,1.49,1.02,10.4,0.05,0.06,1.5,104.4,14.29,102.31,40.69,47.9,10.09,45.81,138.86,12.67,1,"Utica FM"
"292",6281,6.5,24.41,2.24,0.45,3.13,1.67,0.66,8.46,0.04,0.04,1.5,135.96,14.29,93.87,36.66,44.68,8.63,47.1,139.15,14.29,1,"Utica FM"
"293",6281.6,5.89,22.26,2.08,0.42,3.22,1.42,1.13,8.13,0.04,0.05,1.5,117.63,14.56,104.2,27.33,50.48,9.63,47.21,135.75,13.65,1,"Utica FM"
"294",6282,4.32,19.33,1.41,0.001,2.69,1.2,1.21,16.4,0.07,0.11,1.5,10,14.695,110.73,36.57,58.51,9.57,74.86,152.55,5,1,"Utica FM"
"295",6282.6,5.03,19,1.69,0.35,2.99,1.36,0.88,14.87,0.05,0.02,1.5,106.26,14.7625,112.3,42.92,56.32,8.3,37.77,111.86,8.3,1,"Utica FM"
"296",6283,5.51,19.77,1.92,0.35,2.87,1.42,1.45,14.45,0.06,0.07,1.5,105.64,14.79625,109.03,46.16,60.66,11.01,37.85,123.54,12.72,1,"Utica FM"
"297",6283.6,4.58,19.35,1.58,0.31,2.87,1.35,0.95,14.57,0.07,0.1,1.5,95.26,14.83,94.57,42.69,66.25,7.91,32.22,141.71,9.44,1,"Utica FM"
"298",6284,5.67,19.02,2.05,1.72,2.73,0.94,1.43,9.36,0.05,0.02,1.5,10,12.65,109.8,38.74,46.22,11.22,111.11,137.37,10.5,1,"Utica FM"
"299",6284.6,3.34,12.31,1.01,0.001,2.41,1.01,0.3,25.51,0.12,0.06,1.5,10,11.56,104.9,7.5,55.5,6.49,24.17,79.66,10.59,4,"Utica FM"
"300",6285,5.6,21.26,1.97,0.001,2.82,0.92,0.76,11.76,0.05,0.08,1.5,10,11.015,93.68,34.16,70.76,8.45,99.3,139.06,9.96,1,"Utica FM"
"301",6285.6,6.49,23.2,2.07,0.41,2.73,1.05,1.26,10.43,0.05,0.18,1.5,105.82,10.7425,100.89,34.31,79.68,14.99,43.22,162.83,14.32,1,"Utica FM"
"302",6286,5.29,19.22,1.69,2.22,2.53,0.88,0.97,11.76,0.05,0.02,1.5,10,10.47,97.55,35.43,64.8,10.72,39.99,108.35,5,1,"Utica FM"
"303",6286.6,5.21,20.97,1.63,0.001,2.54,1,0.91,15.05,0.05,0.14,1.5,10,12.22,94.72,33.95,53.32,29.07,34.99,119.68,12.11,1,"Utica FM"
"304",6287,4.94,20.69,1.64,0.38,2.95,1.67,0.79,13.94,0.06,0.1,1.5,91.06,9.71,124.43,27.39,75.84,8.05,34.58,156.34,14.71,1,"Utica FM"
"305",6287.6,2.31,9.13,0.57,0.001,5.21,5.21,1.08,29.82,0.17,0.12,1.5,10,10.055,98.02,43.99,80.67,8.705,37.41,100.58,5,4,"Utica FM"
"306",6288,5.27,19.35,1.63,0.85,3.09,1.81,0.56,14.94,0.07,0.09,1.5,82.3,10.4,110.59,36.15,68.54,9.36,36.54,134.45,14.96,1,"Utica FM"
"307",6288.6,5.66,20.88,1.85,0.001,2.93,1.49,0.71,13.38,0.06,0.12,1.5,10,10.78,107.84,31.95,54.1,8.85,38.23,110.42,12.32,1,"Utica FM"
"308",6289,5.69,21.84,1.61,0.74,2.76,1.15,1.17,14.2,0.06,0.06,1.5,77.91,12.6,84.89,29.74,52.2,9.34,35.21,120.29,8.46,1,"Utica FM"
"309",6289.6,5.7,22.01,1.87,0.38,2.76,1.14,1,12.97,0.06,0.09,1.5,111.98,14.42,95.48,35.02,51.39,22.74,37.69,142.61,13.25,1,"Utica FM"
"310",6290,5.39,19.14,1.8,1.06,2.68,1.01,0.88,13.08,0.06,0.02,1.5,10,12.81,97.32,41.82,81.05,12.19,93.43,134.17,10.25,1,"Utica FM"
"311",6290.6,3.62,16.83,1.47,0.3,2.67,0.96,0.3,16.98,0.07,0.09,1.5,70.65,12.005,95.65,29.85,65.74,7.71,32.25,139.14,11.25,4,"Utica FM"
"312",6291,4.86,20.01,1.63,0.35,2.63,0.92,1.01,15.46,0.06,0.11,1.5,84.27,11.6025,107.71,27.73,42.73,8.56,33.5,144.69,9.67,1,"Utica FM"
"313",6291.6,6.48,23.76,2.13,0.001,2.84,1.03,0.65,10.36,0.04,0.08,1.5,10,11.40125,77.33,26.22,106.62,7.83,42.83,122.11,11.65,1,"Utica FM"
"314",6292,6.01,23.39,2.04,0.001,2.9,1.16,1.14,10.31,0.04,0.05,1.5,10,11.300625,94.99,37.09,56.08,8.08,101.56,166.88,14.3,1,"Utica FM"
"315",6292.6,6.63,23.83,2.27,0.001,2.94,1.08,1.18,8.8,0.04,0.02,1.5,10,11.2503125,101.77,37.19,53.47,10.76,115.01,138.2,12.61,1,"Utica FM"
"316",6293,5.41,19.89,1.79,0.001,3.04,1.44,0.64,15.14,0.06,0.05,1.5,10,11.22515625,117.5,39.28,59.06,10.08,102.68,123.85,12.24,1,"Utica FM"
"317",6293.6,6.49,23.15,2.11,0.4,2.9,1.25,0.98,10.87,0.05,0.02,1.5,107.71,11.212578125,91.54,30.19,48.71,32.52,43.53,119.58,14.82,4,"Utica FM"
"318",6294,4.16,13.4,1.56,0.17,2.25,0.98,0.3,28.64,0.11,0.05,1.5,42.39,11.2062890625,109.38,7.5,67.47,5.36,21.67,86.82,8.41,4,"Utica FM"
"319",6294.6,5.35,19.86,1.66,0.33,2.67,1.04,1.34,16.03,0.07,0.08,1.5,109.77,11.20314453125,104.95,35.34,73.42,7.96,35.3,126.25,8.46,1,"Utica FM"
"320",6295,5.37,19.85,1.77,0.34,2.99,1.37,1.38,15.23,0.06,0.12,1.5,101.88,11.2,111.94,31.21,63.82,9.88,35.76,144.34,13.47,1,"Utica FM"
"321",6295.6,6.2,21.13,2,0.37,2.91,1.07,1.45,13.56,0.06,0.11,1.5,103.6,10.865,97.87,45.85,95.12,10.54,40.5,133.47,10.44,1,"Utica FM"
"322",6296,6.3,21.15,2.03,1.53,3.02,1.37,1.18,11.08,0.05,0.02,1.5,118.69,10.6975,96.08,42.13,71.99,9.91,42.93,145.12,14.9,1,"Utica FM"
"323",6296.6,6.39,22.53,2.1,0.39,2.94,1.26,1.02,11.86,0.05,0.08,1.5,111.63,10.53,106.78,21.25,74.74,8.28,41.47,136.23,14.87,1,"Utica FM"
"324",6297,5.8,21.15,1.92,0.001,2.93,1.38,1.14,12.3,0.05,0.07,1.5,10,11.075,78.52,26.56,63.3,8.49,101.16,120.47,16.29,1,"Utica FM"
"325",6297.6,6.34,22.27,2.08,0.001,3.04,1.51,0.71,12.42,0.04,0.02,1.5,10,11.62,95.35,40.11,49.72,11.73,43.47,113.25,12.41,1,"Utica FM"
"326",6298,5.35,21.02,2.02,0.001,2.8,1.13,0.71,13.17,0.05,0.02,1.5,10,12.06,69.15,48.27,34.38,7.82,39.77,103.75,12.7,1,"Utica FM"
"327",6298.6,6.39,23.03,1.96,0.001,2.87,1.25,1.21,12.98,0.05,0.02,1.5,10,13.01,108.53,27.21,40.5,11.06,99.48,132.28,14.43,1,"Utica FM"
"328",6299,5.67,21.26,1.92,0.001,2.92,1.19,1.09,12.85,0.06,0.03,1.5,10,13.485,85.51,46.38,40.58,7.1,97.55,137.17,9.33,1,"Utica FM"
"329",6299.6,6.13,22.32,2.05,0.001,3.03,1.24,1.33,10.83,0.04,0.05,1.5,10,13.7225,105.48,44.14,54.56,11.31,43.47,104.17,13.99,1,"Utica FM"
"330",6300,6.17,20.87,1.86,1.66,2.76,1.01,1.42,12,0.04,0.02,1.5,10,13.96,102.89,26.75,66.88,8.71,42.45,106.93,8.91,1,"Utica FM"
"331",6300.6,6.57,22.51,1.98,0.001,2.86,1.12,1.56,12.91,0.05,0.06,1.5,10,11.91,105.31,59.57,45.16,10.57,41.74,107.99,11.73,1,"Utica FM"
"332",6301,7.12,23.51,2.17,0.001,3.1,1.37,1.56,11.72,0.05,0.04,1.5,10,9.14,91.39,34.67,43.75,8.48,105.56,133.57,9.06,1,"Utica FM"
"333",6301.6,4.92,19.16,1.61,0.001,3.06,1.48,0.3,15.94,0.06,0.07,1.5,10,7.755,98.48,31.57,35.73,7,99.06,124.96,14.8,1,"Utica FM"
"334",6302,5.01,20.73,1.93,0.001,2.75,1.18,0.91,11.96,0.06,0.06,1.5,10,7.0625,73.55,31.27,45.85,10.75,100.75,121.73,9.61,1,"Utica FM"
"335",6302.6,5.9,21.25,1.76,0.001,3.14,1.65,1.55,14.97,0.05,0.08,1.5,10,6.71625,110.8,45.02,37.87,6.91,38.59,103.33,15.29,1,"Utica FM"
"336",6303,6.63,24.21,2.08,0.001,3.09,1.46,1,10.13,0.05,0.02,1.5,10,6.543125,97.95,34.72,23.8,11.84,107.72,136.17,14.27,1,"Utica FM"
"337",6303.6,3.63,15.64,0.99,0.001,2.36,0.81,0.85,23.49,0.12,0.19,1.5,10,6.4565625,101.08,7.5,49.93,30.1,21.55,80.37,8.72,4,"Utica FM"
"338",6304,7.11,24.7,2.24,0.43,3.05,1.34,1.35,10.02,0.05,0.09,1.5,123.58,6.37,93.81,27.71,46.19,10.09,45.07,127.23,12.56,1,"Utica FM"
"339",6304.6,5.29,20.77,1.57,0.001,2.89,1.52,1.14,17.24,0.07,0.06,1.5,10,9.43,79.1,36.86,42.68,5.85,82.21,113.97,10.44,1,"Utica FM"
"340",6305,5.37,22.12,1.85,0.34,2.78,1.15,1.33,12,0.05,0.08,1.5,87.37,10.96,84.33,30.63,45.8,10.36,40.55,128,10.12,1,"Utica FM"
"341",6305.6,6.37,23.32,2,0.39,2.92,1.4,1.68,11.57,0.06,0.12,1.5,116.24,12.49,109.33,44.26,48.4,8.06,42.47,126.39,10.49,1,"Utica FM"
"342",6306,5.48,20.42,1.69,0.001,2.83,1.22,1.31,15.32,0.06,0.1,1.5,10,12.505,94.17,32.12,37.1,8.67,85.82,116.87,16.9,1,"Utica FM"
"343",6306.6,5.01,21.11,1.55,0.001,3.09,1.93,1.31,16.5,0.07,0.09,5.75,10,12.5125,122.14,43.03,40.32,7.04,78.56,123.92,18.4,1,"Utica FM"
"344",6307,5.91,22.76,1.85,0.35,3.05,1.98,1.32,13.38,0.07,0.03,1.5,101,12.52,98.02,51.16,41.32,9.27,37.5,122.74,12.52,1,"Utica FM"
"345",6307.6,6.18,24.35,1.89,0.38,3.42,2.33,1.11,11.2,0.06,0.02,1.5,106.97,12.55,120.26,50.41,35.72,8.66,40.2,131.72,14.5,1,"Utica FM"
"346",6308,6.01,23.55,1.9,0.37,2.79,1.37,1.41,12.42,0.05,0.07,1.5,98.14,12.445,100.62,27.91,32.63,11.18,40.08,121.1,13.98,1,"Utica FM"
"347",6308.6,5.73,23.37,1.83,0.001,2.66,1.43,1.76,13.43,0.06,0.11,1.5,10,12.3925,123.63,7.5,48.56,9.12,92.32,120.88,14.39,1,"Utica FM"
"348",6309,6.04,24.67,1.82,0.35,2.83,1.53,1.72,11.6,0.05,0.1,1.5,98.63,12.34,90.96,49.96,71.44,9.2,39.28,127.84,14.36,1,"Utica FM"
"349",6309.6,6.02,24.82,1.98,0.001,2.86,1.6,1.28,10.4,0.04,0.06,1.5,10,11.69,101.96,30.76,43.29,7.3,42.2,94.05,11.97,1,"Utica FM"
"350",6310,6.08,24.25,1.95,0.56,2.85,1.36,0.92,10.32,0.05,0.06,1.5,108.48,12.2,100.83,41.45,73.17,10.76,41.63,135.02,10.25,1,"Utica FM"
"351",6310.6,5.84,23.97,1.82,0.001,2.81,1.45,1.15,11.77,0.05,0.07,1.5,10,11.65,110.33,31.54,66.14,24.34,39.39,107.32,12.7,1,"Utica FM"
"352",6311,6.41,25.61,2.13,0.43,3.01,1.49,1.49,8.45,0.04,0.03,1.5,135.72,12.74,106.43,44.95,58.57,14.6,45.04,138.22,12.36,1,"Utica FM"
"353",6312,5.51,24.55,1.78,0.001,2.79,1.56,1.35,12.33,0.05,0.07,1.5,10,13.35,102.16,35.43,35.45,25.12,38.11,99.69,8.78,1,"Utica FM"
"354",6313,4.86,22.34,1.57,0.29,2.61,1.3,0.99,15.08,0.07,0.1,4,87,11.73,108,44.69,44.56,8.53,33.17,113.35,10.12,1,"Utica FM"
"355",6314,5.63,24.07,1.71,0.33,2.58,1.36,1.07,13.15,0.05,0.08,1.5,110.42,10.11,93.75,45.18,33.99,7,39.29,122.36,9.34,1,"Utica FM"
"356",6315,6.63,27.51,1.98,0.39,2.98,1.92,1.02,10.14,0.04,0.02,3.6,120.3,9.04,106.56,27.99,31.89,7.54,41.82,120.72,14.38,1,"Utica FM"
"357",6316,5.15,23.02,1.41,0.29,2.4,1.29,1.44,17.39,0.06,0.06,1.5,66.52,13.11,105.48,32.81,32.18,5.68,28.19,116.66,12.92,1,"Utica FM"
"358",6317,5.89,25.96,1.9,0.37,2.35,1.09,0.91,11.23,0.05,0.12,1.5,100.46,13.87,115.98,35.25,37.15,9.14,38.7,127.89,12.81,1,"Utica FM"
"359",6318,5.54,25.03,1.64,0.001,2.32,1.6,0.53,16.17,0.09,0.13,1.5,10,11.35,94.78,7.5,31.81,23.63,32.3,81.8,13.42,4,"Utica FM"
"360",6319,4.03,18.85,1.13,0.001,2.11,0.97,1.46,22.7,0.09,0.1,1.5,10,10.09,95.06,32.6,35.04,20.06,23.63,63.47,9.24,4,"Utica FM"
"361",6320,5.57,23.6,1.6,0.27,2.29,1.25,2.12,16.28,0.09,0.1,1.5,80.89,9.46,112.72,26.51,85.49,5.21,32.3,100.79,10.56,1,"Utica FM"
"362",6321,5.26,23.18,1.65,0.3,2.32,1.27,1.16,15.42,0.08,0.03,1.5,80.1,9.145,90.01,31.89,31.8,27.05,34.67,105.91,13.71,4,"Utica FM"
"363",6322,3.93,18.27,1.28,0.001,2.3,1.14,0.3,20.07,0.1,0.1,1.5,10,8.9875,92.47,39.24,37.98,7.96,63.71,84.44,20.19,4,"Utica FM"
"364",6323,5.18,20.38,1.48,0.25,2.38,1.39,1.41,18.58,0.1,0.08,1.5,77.69,8.90875,101.57,36.23,31.03,8.42,31.69,85.3,21.89,1,"Utica FM"
"365",6324,4.82,21.26,1.51,0.001,2.14,1.37,0.63,18.68,0.1,0.1,1.5,10,8.869375,109.02,37.38,29.63,8.14,74.06,92.65,18.39,4,"Utica FM"
"366",6325,4.11,18.86,1.28,0.001,2.22,1.16,1,19.38,0.11,0.23,1.5,10,8.8496875,84.64,30.6,49.56,8,70.92,109.68,16.61,4,"Utica FM"
"367",6326,6.23,26.17,1.81,0.001,2.69,1.87,1.31,13.03,0.06,0.11,1.5,10,8.83984375,108.21,36.23,58.71,7.86,37.44,88.68,15.05,1,"Utica FM"
"368",6327,6.42,27.3,1.87,0.001,2.46,1.56,1.21,10.85,0.06,0.1,1.5,10,8.834921875,97.35,34.78,51.22,7.85,95.54,111.13,17.07,1,"Utica FM"
"369",6328,4.6,21.57,1.32,0.001,2.17,1.11,1.1,18.67,0.08,0.12,1.5,10,8.8324609375,101.68,28.07,55.56,21.06,26.65,68.79,16.21,4,"Utica FM"
"370",6329,5.23,24.19,1.51,0.26,2.53,1.55,1.77,15.15,0.08,0.12,1.5,91.61,8.83123046875,109.8,28.04,89.39,8.08,30.71,100.06,11.03,1,"Utica FM"
"371",6330,3.37,18.82,1.01,0.001,1.66,0.99,0.93,23.12,0.1,0.15,1.5,10,8.830615234375,101.68,30,80.82,7.845,54.64,62.44,10.32,4,"Utica FM"
"372",6331,4.67,22.8,1.41,0.001,2.05,1.35,1.07,17.12,0.08,0.1,5.21,10,8.8303076171875,101.78,41.78,73.56,7.7275,26.83,71.32,11.89,4,"Utica FM"
"373",6332,4.58,20.45,1.24,0.001,2.09,1.49,1.16,20.25,0.09,0.06,6.29,10,8.83015380859375,110.04,47.51,56.68,7.66875,25.92,64,13.42,4,"Utica FM"
"374",6333,3.89,18.75,1.12,0.001,2.32,1.41,1.54,21.16,0.1,0.12,1.5,10,8.83007690429687,91.68,32.98,69.63,7.639375,21.74,68.58,13.23,4,"Utica FM"
"375",6334,5.21,22.93,1.68,0.26,1.96,1.22,1.25,14.86,0.07,0.05,1.5,70.72,8.83003845214844,117.05,46.08,25.84,7.61,32.13,88.42,8.84,1,"Utica FM"
"376",6335,1.43,8.44,0.88,0.06,1.54,1.38,1.06,34.25,0.24,1.3,6.58,10,8.83001922607422,126.96,38.93,21.81,7.17,28.8,58.1,15.39,4,"Utica FM"
"377",6336,5.15,22.85,1.61,0.78,1.88,1.24,0.63,15.05,0.08,0.09,5.14,64.26,8.83000961303711,105.09,40.12,13.56,6.73,32.88,86.66,10.47,1,"Point Pleasant FM"
"378",6337,4.76,19.42,1.46,0.001,2.7,2.54,1.74,19.47,0.1,0.08,5.38,10,8.83000480651856,99.33,57.34,23.13,7.06,25.79,81.97,16.07,4,"Point Pleasant FM"
"379",6338,4.71,21.73,1.55,0.23,1.87,1.35,0.89,17.69,0.09,0.1,1.5,55.44,8.83000240325928,75.62,53.91,25.87,7.11,27.67,84.37,13.81,1,"Point Pleasant FM"
"380",6339,3.96,17.71,1.24,0.17,1.67,1.11,1.35,21.97,0.11,0.07,1.5,68.19,8.83000120162964,95.54,7.5,33.18,7.06,58.9,83.27,6.93,4,"Point Pleasant FM"
"381",6340,3.73,18.58,1.22,0.16,1.6,1.49,0.3,21.07,0.11,0.08,5.34,56.24,8.83000060081482,108,27.44,36.98,7.23,60.27,75.44,7.63,4,"Point Pleasant FM"
"382",6341,3.17,16.91,1.62,0.13,1.3,1.52,0.3,23.23,0.11,0.13,4.91,39.52,8.83000030040741,106.29,25.23,45.26,7.4,46.1,64.18,9.39,4,"Point Pleasant FM"
"383",6342,3.97,17.94,1.22,0.47,1.36,1.16,1.34,20.62,0.1,0.02,7.56,45.27,8.83000015020371,95.22,47.83,27.08,6.26,57.11,69.58,8.55,4,"Point Pleasant FM"
"384",6343,3.75,19.07,1.22,0.17,1.99,1.75,1.37,19.47,0.1,0.12,5.03,60.93,8.83000007510185,113.42,37.55,34.91,6.415,23.9,74.85,13.15,4,"Point Pleasant FM"
"385",6344,2.14,9.21,0.86,1.2,1.45,1.46,1,32.49,0.17,0.05,6.21,10,8.83000003755093,108.25,37.8,13.28,6.4925,24.43,35.33,10.13,4,"Point Pleasant FM"
"386",6345,3.5,18.06,1.08,0.15,1.62,1.58,0.77,23.07,0.13,0.09,5.89,31.48,8.83000001877546,112.99,44.68,52.65,6.53125,49.95,70.95,10.13,4,"Point Pleasant FM"
"387",6346,3.58,16.94,1.13,0.001,1.44,1.5,0.3,23.76,0.12,0.16,10.12,10,8.83000000938773,107.94,47.08,62.7,6.57,20.81,54.96,8.41,4,"Point Pleasant FM"
"388",6347,2.87,18.29,1.64,0.2,1.11,0.93,0.3,22.78,0.12,0.12,4.37,57.54,8.83000000469386,99.55,33.08,31.03,6.64,49.14,75.49,6.93,4,"Point Pleasant FM"
"389",6348,3.79,18.66,1.25,0.17,1.61,1.26,1.45,20.09,0.1,0.13,5.37,49.53,8.83000000234693,96.4,42.48,61.46,7.82,26.44,80.34,12.13,4,"Point Pleasant FM"
"390",6349,3.03,17.65,1.58,0.15,1.27,1.18,1.41,23.92,0.12,0.13,5.44,37.01,8.83000000117347,107.22,34.08,35.52,7.515,46.45,65.46,7.85,4,"Point Pleasant FM"
"391",6350,3.2,20.21,1.02,0.001,1.43,1.24,0.87,21.97,0.1,0.07,4.74,10,8.83000000058673,103.11,37.02,46.77,7.21,20.61,53.77,14.28,4,"Point Pleasant FM"
"392",6351,1.81,14.45,0.56,0.001,1.3,1.53,1.04,27.91,0.13,0.23,1.5,10,8.83000000029337,90.02,34.14,41.65,6.685,11.19,41.28,13.4,4,"Point Pleasant FM"
"393",6352,2.66,17.15,0.91,0.001,1.3,2.23,0.3,22.38,0.11,0.34,1.5,10,8.83000000014668,97.19,42.52,57.61,6.16,44.28,62.75,10.96,4,"Point Pleasant FM"
"394",6353,2.02,14.1,1.08,0.57,1,0.94,0.97,27.91,0.12,0.08,1.5,10,8.83000000007334,87.01,55.47,34.37,4.31,32.47,56.34,9.94,4,"Point Pleasant FM"
"395",6354,2.93,19.52,0.92,0.001,1.33,1.14,0.59,22.24,0.1,0.11,1.5,10,8.83000000003667,105.29,40.15,96.8,4.865,17.56,54.19,8.56,4,"Point Pleasant FM"
"396",6355,1.9,15.88,0.92,0.08,0.66,0.72,0.92,28,0.12,0.08,1.5,22.62,8.83000000001833,77.3,39.45,87.57,5.42,24.61,46.64,5,4,"Point Pleasant FM"
"397",6356,1.95,10.66,1.1,0.07,1.08,0.94,0.3,32.27,0.12,0.05,1.5,10,8.83000000000917,91.41,37.69,15.63,4.61,34.46,52.83,7.88,4,"Point Pleasant FM"
"398",6357,1.81,13.01,0.94,0.08,1.5,1.74,1.5,30.65,0.12,0.21,5.1,10,8.83000000000458,82.91,37.25,7.5,5.9,29.56,45.83,7.51,4,"Point Pleasant FM"
"399",6358,2.96,17.08,0.89,0.001,1.16,1.17,0.63,24.5,0.12,0.1,1.5,10,8.83000000000229,112.7,32.98,26.86,7.19,18.61,43.26,7.66,4,"Point Pleasant FM"
"400",6359,0.7,7.23,0.39,0.03,0.47,0.49,0.3,38.75,0.16,0.04,1.5,10,8.83000000000115,94.32,25.77,46.66,6.525,11.19,13.39,8.42,4,"Point Pleasant FM"
"401",6360,2.6,17.06,0.82,0.001,0.64,0.84,0.3,24.5,0.13,0.11,1.5,10,8.83000000000057,84.82,25,34.28,5.86,40.91,63.4,5,4,"Point Pleasant FM"
"402",6361,3.09,20.43,1.57,0.16,0.71,1.27,1.43,23.53,0.15,0.18,4.65,37.04,8.83000000000029,91.24,7.5,20.63,6.8,28.64,90.85,9.56,4,"Point Pleasant FM"
"403",6362,1.89,10.47,0.97,0.63,0.74,1.47,0.3,30.69,0.18,0.2,4.18,10,8.83000000000014,94.91,30.42,14.39,7.27,28.06,64.65,9.32,4,"Point Pleasant FM"
"404",6363,3.53,18.58,1.07,0.16,1.13,1.01,1.05,21.02,0.11,0.16,1.5,42.93,8.83000000000007,101.84,38.25,76.1,7.74,56.98,92.31,7.32,4,"Point Pleasant FM"
"405",6364,2.28,12.33,0.93,2.06,0.66,0.83,0.3,28.94,0.12,0.02,1.5,10,8.83000000000004,102.87,20.82,45.2,6.29,27.97,38.33,8.48,4,"Point Pleasant FM"
"406",6365,0.81,11.74,0.46,0.04,0.35,0.45,0.3,34.71,0.16,0.1,1.5,10,8.83000000000002,85.79,36.81,41.05,5.565,13.71,23.98,6.57,4,"Point Pleasant FM"
"407",6366,3.29,21.72,1.49,1.38,0.75,1.04,0.3,19.17,0.09,0.07,1.5,10,8.83000000000001,95.1,28.73,29.76,4.84,47.92,80.37,10.18,1,"Point Pleasant FM"
"408",6367,3.08,20.75,1.58,0.15,1.13,1.07,0.65,20.94,0.09,0.11,1.5,50.83,8.83000000000001,88.47,29.33,154.83,5.58,47.4,75.12,8.56,4,"Point Pleasant FM"
"409",6368,2.05,10.27,0.69,1.77,0.46,0.54,0.3,32.57,0.16,0.02,1.5,10,8.83,91.25,22.64,20.06,6.125,20.15,37.01,6.47,4,"Point Pleasant FM"
"410",6369,4.26,19.99,1.31,0.27,0.67,0.74,1.09,21.94,0.11,0.05,1.5,48.34,8.83,70.68,31.42,49.57,6.67,59.65,69.03,5,4,"Point Pleasant FM"
"411",6370,3.01,12.76,0.83,1.44,0.64,0.8,0.3,27.78,0.15,0.17,1.5,10,8.83,90.01,31.12,28.37,5.705,44.62,61.58,5,4,"Point Pleasant FM"
"412",6371,1.67,9.2,1.02,0.07,0.59,0.78,0.88,31.09,0.17,0.18,1.5,10,8.83,78.69,27.62,19.52,5.2225,30.69,44.43,5,4,"Point Pleasant FM"
"413",6372,2.83,12.47,0.88,0.001,0.63,0.97,0.3,29.35,0.16,0.05,1.5,10,8.83,105.06,45.12,19.47,4.98125,42.72,48.89,5,4,"Point Pleasant FM"
"414",6373,2.23,9.36,1.33,0.08,0.63,1.2,1.11,32.51,0.17,0.17,1.5,10,8.83,95.79,45.54,34.47,4.74,34.69,39.01,5,4,"Point Pleasant FM"
"415",6374,2.11,8.65,1.02,1.9,0.58,0.82,0.3,32.46,0.18,0.02,5.24,10,8.83,93.7,7.5,20.56,5.195,27.65,44.31,6.45,4,"Point Pleasant FM"
"416",6375,2.39,11.04,1.4,0.1,0.58,0.84,0.3,32.39,0.17,0.19,1.5,10,8.83,70.1,30.71,28.39,5.4225,34.89,54.35,5,4,"Point Pleasant FM"
"417",6376,2.6,10.89,0.81,0.001,0.74,1.14,0.3,30.93,0.15,0.1,1.5,10,8.83,114,29.89,18.14,5.65,15.36,46.78,5,4,"Point Pleasant FM"
"418",6377,2.92,12.47,0.97,0.001,1.09,1.26,0.3,28.13,0.15,0.31,1.5,10,8.83,88.06,38.75,21.91,5.625,18.79,40.68,5,4,"Point Pleasant FM"
"419",6378,2.66,12.42,1.63,0.11,0.63,0.85,0.3,28.68,0.14,0.14,4.04,29.15,8.83,87.35,26.47,32.73,5.6,39.49,56.32,7.15,4,"Point Pleasant FM"
"420",6379,2.6,12.75,0.85,0.001,0.71,0.98,1.19,27.18,0.13,0.17,1.5,10,8.83,95.01,42.07,21.71,6.38,15.86,55.15,8.73,4,"Point Pleasant FM"
"421",6380,2.11,9.63,0.61,0.001,0.58,0.92,0.3,31.78,0.17,0.18,1.5,10,8.83,93.3,28.77,25.15,6.215,11.04,31.84,5,4,"Point Pleasant FM"
"422",6381,2.32,10.67,0.75,0.001,0.59,0.87,0.3,31.9,0.15,0.11,1.5,10,8.83,121.59,37.94,13.75,6.1325,12.51,31.14,8.36,4,"Point Pleasant FM"
"423",6382,2.53,11.51,0.79,0.001,0.72,0.95,0.92,30.68,0.21,0.17,1.5,10,8.83,92.74,7.5,19.35,6.05,38.1,45.02,5,4,"Point Pleasant FM"
"424",6383,3.07,12.82,1.63,0.11,0.68,0.86,0.81,28.67,0.14,0.18,1.5,28.44,8.83,87.46,39.46,25.57,4.93,42.77,55.41,8.54,4,"Point Pleasant FM"
"425",6384,2.12,10.04,0.7,0.001,0.46,0.6,0.76,33.18,0.16,0.16,1.5,10,8.83,104.27,30.78,30.96,4.805,32.25,40.53,9.01,4,"Point Pleasant FM"
"426",6385,2.65,11.42,1.44,0.09,0.55,0.62,1.59,30.61,0.15,0.06,5.48,21.79,8.83,93.23,7.5,32.81,4.68,37.1,46.63,5,4,"Point Pleasant FM"
"427",6386,3.21,12.32,0.86,0.001,0.63,0.74,1.15,26.53,0.15,0.35,1.5,10,8.83,103.05,7.5,37.77,4.785,16.87,45.12,5,4,"Point Pleasant FM"
"428",6387,3.45,13.68,1.06,0.11,1.39,1.13,1.04,27.27,0.13,0.1,1.5,23.94,8.83,70.53,30.78,21.18,4.89,45.12,50.06,10.14,4,"Point Pleasant FM"
"429",6388,3.13,12.65,1.65,0.15,1.07,1.07,1.46,28.4,0.14,0.13,1.5,24.52,8.83,89.23,43.96,16.05,5.32,43.83,49.22,5,4,"Point Pleasant FM"
"430",6389,1.49,7.49,0.87,0.08,0.7,0.99,1.03,36.55,0.18,0.02,1.5,10,8.83,103.99,23.72,19,5.38,20.33,35.02,5,4,"Point Pleasant FM"
"431",6390,2.17,8.24,0.9,5.28,0.42,0.44,0.3,29.77,0.16,0.02,1.5,10,8.83,83.64,21.85,28.84,5.44,25.09,36.83,5,4,"Point Pleasant FM"
"432",6391,1.6,8.5,1.15,0.07,0.47,0.48,0.3,33.7,0.15,0.05,1.5,22.84,8.83,91.88,28,35.37,19.79,26.4,42.74,6.15,4,"Point Pleasant FM"
"433",6392,1.82,6.38,1.14,2.75,0.52,0.47,0.85,30.47,0.15,0.02,1.5,10,8.83,93.47,32.51,31.22,20.125,33.58,37.96,6.59,4,"Point Pleasant FM"
"434",6393,2.72,11.92,1.67,0.43,0.66,0.71,0.97,28.21,0.13,0.02,1.5,10,8.83,83.91,26,22.09,20.46,45.68,56.22,7.73,4,"Point Pleasant FM"
"435",6394,1.55,5.82,0.81,1.67,0.65,0.76,0.3,36.51,0.2,0.02,1.5,10,8.83,111.94,7.5,37,32.29,19.88,38.46,5,4,"Point Pleasant FM"
"436",6395,2.07,8.78,1.51,0.09,0.63,0.85,1.29,32.63,0.16,0.08,1.5,38.27,8.83,104.49,31.4,30.02,23.41,35.45,40.2,5,4,"Point Pleasant FM"
"437",6396,1.95,7.49,1.22,1.45,0.49,0.49,0.84,33.48,0.16,0.05,1.5,10,8.83,92.2,7.5,19.47,23.42,30.27,27.39,5,4,"Point Pleasant FM"
"438",6397,2.4,10.11,1.72,0.11,0.7,2.46,0.3,28.98,0.13,0.07,1.5,40.02,8.83,98.55,26.53,15.79,5.22,44.99,52.03,5,4,"Point Pleasant FM"
"439",6398,2.84,11.94,1.58,0.5,1.15,1.14,0.3,28.97,0.13,0.1,3.6,10,8.83,95.6,35.67,11.07,25.32,45.92,49.24,7.68,4,"Point Pleasant FM"
"440",6399,2.63,10.75,0.89,0.001,1.06,1.01,1.47,29.76,0.13,0.15,1.5,10,8.83,98.99,29.59,30.41,19.76,15.68,34.38,5,4,"Point Pleasant FM"
"441",6399,2.37,9.72,1.53,0.22,0.63,1.11,1.31,30.93,0.14,0.05,1.5,30.05,8.83,102.19,7.5,20.91,24.555,38.11,49.16,5,4,"Point Pleasant FM"
"442",6400,2.13,9.04,1.36,0.16,0.67,0.87,0.3,33.31,0.26,0.08,4.5,10,8.83,92.02,21.16,54.35,29.35,36.61,28.5,5,4,"Point Pleasant FM"
"443",6401,3.39,15.51,1.06,0.001,1.23,1.03,1.64,23.85,0.11,0.09,1.5,10,8.83,94.35,24.71,73.27,28.82,20.61,83.41,5,4,"Point Pleasant FM"
"444",6402,3.04,11.07,1.79,0.12,2.05,3.2,0.3,28.33,0.14,0.09,5.76,35.4,8.83,90.55,21.79,26.55,4.71,19.7,52.99,12.1,4,"Point Pleasant FM"
"445",6403,1.78,7.13,1.29,0.06,0.54,0.61,0.3,35.71,0.16,0.09,1.5,10,8.83,109.11,31.56,14.47,27.2,31.24,29.82,5,4,"Point Pleasant FM"
"446",6404,2.7,9.89,1.61,1.02,0.73,0.75,0.98,30.38,0.15,0.02,1.5,10,8.83,98.86,23.43,15.3,24.39,42.97,40.57,5,4,"Point Pleasant FM"
"447",6405,0.93,4.62,0.65,0.03,0.4,0.41,0.98,39.36,0.18,0.07,4.82,10,8.83,90.88,21.17,19.29,20.49,17.67,21.06,5,4,"Point Pleasant FM"
"448",6406,3.08,9.75,0.9,1.37,0.465,0.96,0.7,29.14,0.16,0.11,1.5,10,8.83,96.87,26.45,21.65,22.1,44.51,52.12,9.19,4,"Point Pleasant FM"
"449",6407,2.2,8.85,1.42,0.07,0.53,0.6,0.3,33.33,0.16,0.14,1.5,25.71,8.83,79.82,29.04,15.06,23.71,35.47,35.47,7.09,4,"Point Pleasant FM"
"450",6408,2.64,9.38,1.66,0.09,0.76,0.89,1.15,31.79,0.15,0.28,1.5,10,8.83,97.58,24.34,15.89,29.76,41.34,49.85,6.56,4,"Point Pleasant FM"
"451",6409,2.5,10.75,0.83,0.001,0.7,0.94,0.3,30.68,0.16,0.25,1.5,10,8.83,90.15,7.5,19.9,21.78,15.67,45.16,5,4,"Point Pleasant FM"
"452",6410,2.54,9.86,0.74,0.86,0.72,0.99,0.73,31.23,0.15,0.1,1.5,10,8.83,67.48,34.47,18.89,19.31,14.71,32.68,8.79,4,"Point Pleasant FM"
"453",6411,2.32,10.44,1.54,0.34,0.72,0.9,0.3,28.19,0.13,0.08,1.5,33.61,8.83,75.2,24.27,29.89,6.71,43.3,47.97,6.39,4,"Point Pleasant FM"
"454",6412,3.69,13.99,1.32,1.12,1.3,1.1,0.3,20.74,0.1,0.09,1.5,10,8.83,91.79,37.39,28.2,23.57,27.38,49.86,5,4,"Point Pleasant FM"
"455",6413,1.7,7.21,1.23,0.07,0.47,0.6,0.3,34.86,0.16,0.04,1.5,10,8.83,86.32,26.25,17.7,24.285,29.09,30.07,5,4,"Point Pleasant FM"
"456",6414,3.22,12.6,1.04,0.001,1.01,1.09,0.78,25.89,0.13,0.18,1.5,10,8.83,105.91,34.73,16.12,25,22.04,47.29,5,4,"Point Pleasant FM"
"457",6415,3.49,16.67,1.11,0.001,1.27,1.4,1.36,22.22,0.11,0.27,1.5,10,8.83,106.81,31.6,44.51,26.54,21.55,77.12,9.89,4,"Point Pleasant FM"
"458",6416,2.47,10.05,0.74,1.11,0.68,0.99,0.3,29.62,0.15,0.2,1.5,10,8.83,98.75,42.83,82.64,27.49,15.73,37.78,5,4,"Point Pleasant FM"
"459",6417,2.11,8.46,1.21,0.07,0.58,0.91,0.96,33.59,0.18,0.43,4.46,24.93,8.83,91.68,51.02,40.51,24.19,31.45,47.45,7.34,4,"Point Pleasant FM"
"460",6418,1.9,6.89,0.56,0.001,0.57,1.21,1.03,34.1,0.17,0.61,5.5,10,8.83,85.75,31.27,23.78,24.905,31.28,36.63,9.51,4,"Point Pleasant FM"
"461",6419,2.14,7.9,0.66,0.001,0.56,0.9,1.17,35.12,0.18,0.61,1.5,10,8.83,89.22,40.54,19.53,25.2625,32.23,35.48,5,4,"Point Pleasant FM"
"462",6420,2.18,7.2,0.52,1.58,1.19,1.45,0.3,33.8,0.17,0.34,5.14,10,8.83,92.32,34.91,14.08,25.62,10.13,34.33,8.49,4,"Point Pleasant FM"
"463",6421,2.7,10.64,0.96,0.001,0.67,1.05,0.7,29.37,0.14,0.39,1.5,10,8.83,96.02,34.74,13.77,29.72,18.99,34.93,5,4,"Point Pleasant FM"
"464",6422,2.53,8.59,1.32,1.82,0.6,0.96,0.3,31.45,0.17,0.22,1.5,10,8.83,79.44,27.25,16.6,26.16,37.69,37.64,5,4,"Point Pleasant FM"
"465",6423,2.95,12.15,0.92,0.001,0.67,1.02,0.3,28.64,0.14,0.26,1.5,10,8.83,97.44,25.78,29.44,25.02,19.91,39.18,5,4,"Point Pleasant FM"
"466",6424,2.02,8.18,1.35,0.08,0.75,1.18,0.3,32.88,0.17,0.36,5,10,8.83,98.64,21.79,18.04,35.9,37.04,34.37,5,4,"Point Pleasant FM"
"467",6425,2.94,11.93,0.96,0.001,1.14,1.47,0.3,29.16,0.15,0.39,1.5,10,8.83,95.26,7.5,14.55,37.115,46.46,48.97,5,4,"Point Pleasant FM"
"468",6426,0.5,3.32,0.17,0.001,0.45,0.73,0.3,41.06,0.22,0.37,1.5,10,8.83,72.62,7.5,15.8,37.7225,13.27,12.72,5,4,"Point Pleasant FM"
"469",6427,1.05,4.81,0.28,0.001,1.02,1.17,0.93,39.42,0.22,1.02,1.5,10,8.83,84.22,35,14.59,38.33,16.92,26.03,5,4,"Point Pleasant FM"
"470",6428,2.26,7.93,1.29,0.29,1.07,1.3,1.09,33.96,0.18,0.4,1.5,10,8.83,106.15,7.5,25.35,35.27,31.79,39.73,7.84,4,"Point Pleasant FM"
"471",6429,1.69,7.05,0.44,0.001,0.59,0.98,0.3,36.18,0.2,0.35,1.5,10,8.83,98.32,7.5,7.5,33.585,27.55,30.1,5,4,"Point Pleasant FM"
"472",6430,2.17,9.36,1.36,0.38,0.69,1.14,0.82,31.53,0.18,0.38,1.5,10,8.83,90.38,7.5,20.04,31.9,37.22,46.18,7.22,4,"Point Pleasant FM"
"473",6431,2.88,12.06,0.82,0.001,1.02,1.23,0.9,30.4,0.16,0.41,1.5,10,8.83,79.64,7.5,28.24,28.37,16.62,48.35,5,4,"Point Pleasant FM"
"474",6432,2.26,10.12,0.71,0.001,0.75,1.31,0.3,31.74,0.19,0.39,1.5,10,8.83,91.54,30.7,7.5,32.78,15.04,44.55,5,4,"Point Pleasant FM"
"475",6433,3.17,13.31,1.78,0.12,1.12,1.39,1.42,27.42,0.15,0.43,1.5,39.46,8.83,97.35,34.35,13.06,26.07,19.39,63.87,7.4,4,"Point Pleasant FM"
"476",6434,1.91,8.03,0.53,1.29,0.67,1.11,0.3,33.8,0.2,0.23,1.5,10,8.83,89.24,31.37,19.28,27.73,11.38,36.1,5,4,"Point Pleasant FM"
"477",6435,3.14,10.56,1.81,2.01,0.77,0.89,1.43,24.87,0.14,0.02,1.5,10,8.83,94.84,20.49,30.09,28.75,20.99,56.36,7.05,4,"Point Pleasant FM"
"478",6436,2.01,8.97,0.62,0.001,1.06,1.4,0.92,33.44,0.17,0.49,1.5,10,8.83,106.44,32.1,27.63,31.665,12.66,34.62,5,4,"Point Pleasant FM"
"479",6437,3.79,13.85,1.2,0.001,1.77,2.1,2.01,24.63,0.12,0.42,1.5,10,8.83,100.88,32.61,34.43,33.1225,22.66,46.19,10.58,4,"Point Pleasant FM"
"480",6438,2.4,9.58,0.61,1.24,0.59,0.94,0.3,31.69,0.16,0.28,1.5,10,8.83,97.39,28.12,22.55,34.58,13.12,37.44,5,4,"Point Pleasant FM"
"481",6439,2.62,14.41,0.8,0.001,0.51,0.74,0.3,25.9,0.12,0.24,1.5,10,8.83,92.04,31.9,55.37,19.65,18.19,33.72,5,4,"Point Pleasant FM"
"482",6440,1.74,9.74,0.48,0.86,0.48,0.75,0.3,33.88,0.17,0.42,1.5,10,8.83,85.84,7.5,42.95,39.67,10.02,30.88,5,4,"Point Pleasant FM"
"483",6441,0.61,5.92,0.13,0.001,0.49,1,0.3,40.6,0.22,0.74,1.5,10,8.83,104.85,29.28,27.65,33.755,10.48,1.5,5,4,"Point Pleasant FM"
"484",6442,1.65,7.68,0.15,1.66,0.29,0.43,0.82,36.37,0.16,0.02,1.5,10,8.83,90.08,7.5,7.5,30.7975,10.74,15.07,5,4,"Point Pleasant FM"
"485",6443,1.51,11.63,0.88,0.05,0.49,0.82,0.3,32.62,0.12,0.17,1.5,10,8.83,89.1,7.5,16.72,27.84,24.47,33.82,6.16,4,"Point Pleasant FM"
"486",6444,1.59,8.25,0.03,2.29,0.2,0.27,0.93,37.94,0.13,0.02,1.5,10,8.83,72.32,7.5,7.5,25.38,5.01,16.52,5,4,"Point Pleasant FM"
"487",6445,0.19,6.51,0.09,0.001,0.16,0.33,0.3,41.66,0.12,0.02,1.5,10,8.83,88.82,7.5,7.5,24.15,3.87,18.38,5,5,"Trenton"
"488",6446,1.01,8.73,0.29,0.001,0.29,0.58,0.3,36.68,0.1,0.2,1.5,10,8.83,86.26,7.5,13.37,22.92,6.69,23.5,5,5,"Trenton"
"489",6447,1.6,8,0.5,0.001,0.38,0.65,0.3,35.51,0.11,0.48,1.5,10,8.83,82.19,21.89,15.58,21.94,24.02,34.2,5.07,4,"Trenton"
"490",6448,0.41,0.92,0.08,3.53,0.05,0.1,0.3,42.85,0.17,0.02,1.5,10,8.83,92.28,7.5,17.62,45.08,3.43,1.5,5,4,"Trenton"
"491",6449,0.13,1.3,0.055,0.37,0.08,0.22,0.3,45.58,0.04,0.02,1.5,10,8.83,91.43,7.5,7.5,33.895,1.5,1.5,5,5,"Trenton"
"492",6450,0.69,2.59,0.03,0.92,0.18,0.23,1.11,40.94,0.09,0.02,1.5,10,8.83,89,30.95,7.5,28.3025,4.84,1.5,5,5,"Trenton"
"493",6451,0.26,1.28,0.11,0.001,0.08,0.2,1.3,45.62,0.12,0.02,1.5,10,8.83,83.51,7.5,13.7,22.71,1.5,1.5,5,5,"Trenton"
"494",6452,0.31,1.98,0.19,0.33,0.29,0.67,0.3,42.65,0.06,0.02,1.5,10,8.83,101.81,7.5,12.6,34.24,5.03,8.37,5,5,"Trenton"
"495",6453,0.29,1.46,0.01,0.35,0.09,0.26,0.3,44.99,0.21,0.02,1.5,10,8.83,87.2,7.5,13.84,45.77,4.87,1.5,5,5,"Trenton"
"496",6454,0.66,2.37,0.26,0.29,0.17,0.35,0.3,43.03,0.04,0.02,1.5,10,8.83,96.27,7.5,15.63,34.605,7.24,7.52,5,5,"Trenton"
"497",6455,0.23,0.62,0.175,0.001,0.14,0.08,0.3,45.54,0.05,0.02,1.5,10,8.83,82.18,7.5,7.5,29.0225,1.5,1.5,5,5,"Trenton"
"498",6456,0.51,3.41,0.09,0.001,1.37,0.4,6.55,32.29,0.11,0.02,1.5,10,8.83,97.23,7.5,22.08,23.44,7.47,16.67,5,4,"Trenton"
"499",6457,0.17,1.12,0.1,0.33,0.05,0.13,0.3,45.63,0.05,0.02,1.5,10,8.83,74.33,7.5,7.5,20.69,1.5,1.5,5,5,"Trenton"
"500",6458,0.48,4.85,0.11,0.001,0.27,0.5,0.3,40.61,0.05,0.05,1.5,10,8.83,87.5,7.5,19.93,16.26,6.57,9.19,5,5,"Trenton"
"501",6459,0.55,3.08,0.37,0.34,0.31,0.25,0.3,40.85,0.06,0.02,1.5,10,8.83,92.51,7.5,27.63,11.83,10.24,15.06,4.91,5,"Trenton"
"502",6460,0.66,1.67,0.26,0.48,0.39,0.42,1.29,43.13,0.09,0.02,1.5,10,8.83,103.63,7.5,10.92,21.12,11.07,25.1,5,5,"Trenton"
"503",6461,1.97,8.59,0.57,0.001,0.71,1.49,0.82,33.11,0.05,0.43,1.5,10,8.83,99.96,7.5,17.76,25.765,10.35,42.52,9.14,4,"Trenton"
"504",6462,3.19,10.66,1.63,2.37,1.13,1.26,0.76,26.19,0.05,0.27,1.5,10,8.83,96.32,7.5,15.94,30.41,18.93,79.23,10.42,4,"Trenton"
"505",6463,0.7,6.31,0.35,0.02,0.37,0.51,0.93,39.62,0.1,0.02,1.5,10,8.83,93.64,7.5,12.16,25.36,9.1,13.79,5,5,"Trenton"
"506",6464,0.49,2.22,0.04,0.38,0.13,0.08,1.08,44.36,0.09,0.02,1.5,10,8.83,92.09,7.5,17.59,19.74,2.87,1.5,7.97,5,"Trenton"
"507",6465,0.38,5.22,0.03,0.001,0.14,0.23,0.3,41.19,0.08,0.02,1.5,10,8.83,104.51,7.5,16.26,15.4,4.55,1.5,5,5,"Trenton"
"508",6466,3.21,23.81,1.12,0.16,1.01,2.66,0.3,13.64,0.04,0.21,1.5,38.37,8.83,74.69,19.24,34.18,11.06,22.01,115.34,10.3,1,"Trenton"
"509",6467,5.01,36.77,1.6,0.25,1.37,1.34,1.19,4.67,0.04,0.02,1.5,56.41,12.84,81.79,26.92,50.52,11.31,23.21,139.5,12.39,1,"Trenton"
"510",6468,1.81,2.86,0.08,4,0.07,0.04,0.3,39.39,0.06,0.02,1.5,10,12.84,87.83,7.5,7.5,15.245,3.01,1.5,5,4,"Trenton"
"511",6469,0.05,1.49,0.05,0.001,0.16,0.08,0.3,45.19,0.11,0.02,1.5,10,12.84,92.26,22.66,11.34,19.18,3.92,1.5,5,5,"Trenton"
"512",6470,0.41,3.27,0.09,1.29,0.16,0.1,0.3,42.29,0.09,0.02,1.5,10,12.84,111.14,7.5,14.52,19.005,4.98,1.5,5,4,"Trenton"
"513",6471,0.16,2.84,0.05,0.001,0.21,0.19,0.3,42.23,0.09,0.02,1.5,10,12.84,89.26,7.5,7.5,18.9175,5.39,14.25,5,5,"Trenton"
"514",6472,1.04,4.26,0.11,0.99,0.44,0.29,1.09,40.05,0.08,0.09,1.5,10,12.84,80.79,7.5,7.5,18.83,17.55,47.74,5,5,"Trenton"
"515",6473,0.29,4.76,0.08,0.33,0.1,0.2,0.3,44.42,0.08,0.02,1.5,10,12.84,93.12,7.5,19.66,18.83,3.41,1.5,5,5,"Trenton"
"516",6474,0.17,1.75,0.05,0.06,0.11,0.1,0.3,45.99,0.08,0.02,1.5,10,12.84,90.41,7.5,13.7,18.83,2.68,9.75,5,5,"Trenton"
