Depth,Al_wt%,Si_wt%,K_wt%,Ti_wt%,Fe_wt%,S_wt%,Mg_wt%,Ca_wt%,Sr_wt%,P_wt%,Mo_ppm,V_ppm,U_ppm,Ni_ppm,Cu_ppm,Zn_ppm,Th_ppm,Rb_ppm,Zr_ppm,Pb_ppm,chemofacies,Factor1,Factor2,Factor3,TOC_(wt.%),Total_Porosity,Quartz,Plagioclase,K-Feldspar,Calcite,Siderite,Ankerite,Dolomite,Pyrite,Fluorapatite,Barite,Total_Clay,MBI
6336,5.15,22.85,1.61,0.78,1.88,1.24,0.63,15.05,0.08,0.09,5.14,64.26,8.83000961303711,105.09,40.12,13.56,6.73,32.88,86.66,10.47,2,-0.285654107541034,-0.731827414204841,0.222259608731085,NA,NA,NA,NA,NA,NA,NA,NA,NA,NA,NA,NA,NA,NA
6336.6,5.15,22.85,1.61,0.78,1.88,1.24,0.63,15.05,0.08,0.09,5.14,64.26,8.83000961303711,105.09,40.12,13.56,6.73,32.88,86.66,10.47,2,-0.285654107541034,-0.731827414204841,0.222259608731085,NA,NA,NA,NA,NA,NA,NA,NA,NA,NA,NA,NA,NA,NA
6337,4.76,19.42,1.46,0.001,2.7,2.54,1.74,19.47,0.1,0.08,5.38,10,8.83000480651856,99.33,57.34,23.13,7.06,25.79,81.97,16.07,2,-0.425129854108347,-0.432385297304708,-0.814870093918691,NA,NA,NA,NA,NA,NA,NA,NA,NA,NA,NA,NA,NA,NA
6337.6,4.76,19.42,1.46,0.001,2.7,2.54,1.74,19.47,0.1,0.08,5.38,10,8.83000480651856,99.33,57.34,23.13,7.06,25.79,81.97,16.07,2,-0.425129854108347,-0.432385297304708,-0.814870093918691,NA,NA,NA,NA,NA,NA,NA,NA,NA,NA,NA,NA,NA,NA
6338,4.71,21.73,1.55,0.23,1.87,1.35,0.89,17.69,0.09,0.1,1.5,55.44,8.83000240325928,75.62,53.91,25.87,7.11,27.67,84.37,13.81,2,-0.266307525859819,-0.549133299525854,0.258385531366627,NA,NA,NA,NA,NA,NA,NA,NA,NA,NA,NA,NA,NA,NA
6338.6,4.71,21.73,1.55,0.23,1.87,1.35,0.89,17.69,0.09,0.1,1.5,55.44,8.83000240325928,75.62,53.91,25.87,7.11,27.67,84.37,13.81,2,-0.266307525859819,-0.549133299525854,0.258385531366627,NA,NA,NA,NA,NA,NA,NA,NA,NA,NA,NA,NA,NA,NA
6339,3.96,17.71,1.24,0.17,1.67,1.11,1.35,21.97,0.11,0.07,1.5,68.19,8.83000120162964,95.54,7.5,33.18,7.06,58.9,83.27,6.93,2,-0.253520922723468,-0.590140884432721,0.930183032207382,NA,NA,NA,NA,NA,NA,NA,NA,NA,NA,NA,NA,NA,NA
6339.6,3.96,17.71,1.24,0.17,1.67,1.11,1.35,21.97,0.11,0.07,1.5,68.19,8.83000120162964,95.54,7.5,33.18,7.06,58.9,83.27,6.93,2,-0.253520922723468,-0.590140884432721,0.930183032207382,NA,NA,NA,NA,NA,NA,NA,NA,NA,NA,NA,NA,NA,NA
6340,3.73,18.58,1.22,0.16,1.6,1.49,0.3,21.07,0.11,0.08,5.34,56.24,8.83000060081482,108,27.44,36.98,7.23,60.27,75.44,7.63,2,-0.598314520180182,-0.543496613740825,0.0920877394358459,NA,NA,NA,NA,NA,NA,NA,NA,NA,NA,NA,NA,NA,NA
6340.6,3.73,18.58,1.22,0.16,1.6,1.49,0.3,21.07,0.11,0.08,5.34,56.24,8.83000060081482,108,27.44,36.98,7.23,60.27,75.44,7.63,2,-0.598314520180182,-0.543496613740825,0.0920877394358459,NA,NA,NA,NA,NA,NA,NA,NA,NA,NA,NA,NA,NA,NA
6341,3.17,16.91,1.62,0.13,1.3,1.52,0.3,23.23,0.11,0.13,4.91,39.52,8.83000030040741,106.29,25.23,45.26,7.4,46.1,64.18,9.39,4,-0.745889477955029,-0.434644513312283,-0.0224154630489966,NA,NA,NA,NA,NA,NA,NA,NA,NA,NA,NA,NA,NA,NA
6341.6,3.17,16.91,1.62,0.13,1.3,1.52,0.3,23.23,0.11,0.13,4.91,39.52,8.83000030040741,106.29,25.23,45.26,7.4,46.1,64.18,9.39,4,-0.745889477955029,-0.434644513312283,-0.0224154630489966,NA,NA,NA,NA,NA,NA,NA,NA,NA,NA,NA,NA,NA,NA
6342,3.97,17.94,1.22,0.47,1.36,1.16,1.34,20.62,0.1,0.02,7.56,45.27,8.83000015020371,95.22,47.83,27.08,6.26,57.11,69.58,8.55,2,-0.538848229227151,-0.818904757670678,-0.00505052873539191,NA,NA,NA,NA,NA,NA,NA,NA,NA,NA,NA,NA,NA,NA
6342.6,3.97,17.94,1.22,0.47,1.36,1.16,1.34,20.62,0.1,0.02,7.56,45.27,8.83000015020371,95.22,47.83,27.08,6.26,57.11,69.58,8.55,2,-0.538848229227151,-0.818904757670678,-0.00505052873539191,NA,NA,NA,NA,NA,NA,NA,NA,NA,NA,NA,NA,NA,NA
6343,3.75,19.07,1.22,0.17,1.99,1.75,1.37,19.47,0.1,0.12,5.03,60.93,8.83000007510185,113.42,37.55,34.91,6.415,23.9,74.85,13.15,2,-0.59660694657305,-0.773436604623599,-0.241858116687218,NA,NA,NA,NA,NA,NA,NA,NA,NA,NA,NA,NA,NA,NA
6343.6,3.75,19.07,1.22,0.17,1.99,1.75,1.37,19.47,0.1,0.12,5.03,60.93,8.83000007510185,113.42,37.55,34.91,6.415,23.9,74.85,13.15,2,-0.59660694657305,-0.773436604623599,-0.241858116687218,NA,NA,NA,NA,NA,NA,NA,NA,NA,NA,NA,NA,NA,NA
6344,2.14,9.21,0.86,1.2,1.45,1.46,1,32.49,0.17,0.05,6.21,10,8.83000003755093,108.25,37.8,13.28,6.4925,24.43,35.33,10.13,4,-1.5409457720608,-0.805803008788426,-0.266490551409009,NA,NA,NA,NA,NA,NA,NA,NA,NA,NA,NA,NA,NA,NA
6344.6,2.14,9.21,0.86,1.2,1.45,1.46,1,32.49,0.17,0.05,6.21,10,8.83000003755093,108.25,37.8,13.28,6.4925,24.43,35.33,10.13,4,-1.5409457720608,-0.805803008788426,-0.266490551409009,NA,NA,NA,NA,NA,NA,NA,NA,NA,NA,NA,NA,NA,NA
6345,3.5,18.06,1.08,0.15,1.62,1.58,0.77,23.07,0.13,0.09,5.89,31.48,8.83000001877546,112.99,44.68,52.65,6.53125,49.95,70.95,10.13,2,-0.76841064699759,-0.769596476899477,-0.231525081327869,NA,NA,NA,NA,NA,NA,NA,NA,NA,NA,NA,NA,NA,NA
6345.6,3.5,18.06,1.08,0.15,1.62,1.58,0.77,23.07,0.13,0.09,5.89,31.48,8.83000001877546,112.99,44.68,52.65,6.53125,49.95,70.95,10.13,2,-0.76841064699759,-0.769596476899477,-0.231525081327869,NA,NA,NA,NA,NA,NA,NA,NA,NA,NA,NA,NA,NA,NA
6346,3.58,16.94,1.13,0.001,1.44,1.5,0.3,23.76,0.12,0.16,10.12,10,8.83000000938773,107.94,47.08,62.7,6.57,20.81,54.96,8.41,4,-1.17055480967329,-0.519016282609155,-0.894674734438792,NA,NA,NA,NA,NA,NA,NA,NA,NA,NA,NA,NA,NA,NA
6346.6,3.58,16.94,1.13,0.001,1.44,1.5,0.3,23.76,0.12,0.16,10.12,10,8.83000000938773,107.94,47.08,62.7,6.57,20.81,54.96,8.41,4,-1.17055480967329,-0.519016282609155,-0.894674734438792,NA,NA,NA,NA,NA,NA,NA,NA,NA,NA,NA,NA,NA,NA
6347,2.87,18.29,1.64,0.2,1.11,0.93,0.3,22.78,0.12,0.12,4.37,57.54,8.83000000469386,99.55,33.08,31.03,6.64,49.14,75.49,6.93,4,-0.681831285330841,-0.675792281034816,0.403468662846766,NA,NA,NA,NA,NA,NA,NA,NA,NA,NA,NA,NA,NA,NA
6347.6,2.87,18.29,1.64,0.2,1.11,0.93,0.3,22.78,0.12,0.12,4.37,57.54,8.83000000469386,99.55,33.08,31.03,6.64,49.14,75.49,6.93,4,-0.681831285330841,-0.675792281034816,0.403468662846766,NA,NA,NA,NA,NA,NA,NA,NA,NA,NA,NA,NA,NA,NA
6348,3.79,18.66,1.25,0.17,1.61,1.26,1.45,20.09,0.1,0.13,5.37,49.53,8.83000000234693,96.4,42.48,61.46,7.82,26.44,80.34,12.13,2,-0.545996078595777,-0.783383243447524,-0.0900382164348317,NA,NA,NA,NA,NA,NA,NA,NA,NA,NA,NA,NA,NA,NA
6348.6,3.79,18.66,1.25,0.17,1.61,1.26,1.45,20.09,0.1,0.13,5.37,49.53,8.83000000234693,96.4,42.48,61.46,7.82,26.44,80.34,12.13,2,-0.545996078595777,-0.783383243447524,-0.0900382164348317,NA,NA,NA,NA,NA,NA,NA,NA,NA,NA,NA,NA,NA,NA
6349,3.03,17.65,1.58,0.15,1.27,1.18,1.41,23.92,0.12,0.13,5.44,37.01,8.83000000117347,107.22,34.08,35.52,7.515,46.45,65.46,7.85,2,-0.66653909122922,-0.770293888456088,0.13542462414203,NA,NA,NA,NA,NA,NA,NA,NA,NA,NA,NA,NA,NA,NA
6349.6,3.03,17.65,1.58,0.15,1.27,1.18,1.41,23.92,0.12,0.13,5.44,37.01,8.83000000117347,107.22,34.08,35.52,7.515,46.45,65.46,7.85,2,-0.66653909122922,-0.770293888456088,0.13542462414203,NA,NA,NA,NA,NA,NA,NA,NA,NA,NA,NA,NA,NA,NA
6350,3.2,20.21,1.02,0.001,1.43,1.24,0.87,21.97,0.1,0.07,4.74,10,8.83000000058673,103.11,37.02,46.77,7.21,20.61,53.77,14.28,4,-0.807089934892417,-0.452208488241184,-0.159023832325697,NA,NA,NA,NA,NA,NA,NA,NA,NA,NA,NA,NA,NA,NA
6350.6,3.2,20.21,1.02,0.001,1.43,1.24,0.87,21.97,0.1,0.07,4.74,10,8.83000000058673,103.11,37.02,46.77,7.21,20.61,53.77,14.28,4,-0.807089934892417,-0.452208488241184,-0.159023832325697,NA,NA,NA,NA,NA,NA,NA,NA,NA,NA,NA,NA,NA,NA
6351,1.81,14.45,0.56,0.001,1.3,1.53,1.04,27.91,0.13,0.23,1.5,10,8.83000000029337,90.02,34.14,41.65,6.685,11.19,41.28,13.4,4,-1.27627687677397,-0.529590381914531,-0.0958667428220772,NA,NA,NA,NA,NA,NA,NA,NA,NA,NA,NA,NA,NA,NA
6351.6,1.81,14.45,0.56,0.001,1.3,1.53,1.04,27.91,0.13,0.23,1.5,10,8.83000000029337,90.02,34.14,41.65,6.685,11.19,41.28,13.4,4,-1.27627687677397,-0.529590381914531,-0.0958667428220772,NA,NA,NA,NA,NA,NA,NA,NA,NA,NA,NA,NA,NA,NA
6352,2.66,17.15,0.91,0.001,1.3,2.23,0.3,22.38,0.11,0.34,1.5,10,8.83000000014668,97.19,42.52,57.61,6.16,44.28,62.75,10.96,4,-0.928404119232632,-0.573166094019073,-0.234795213023604,NA,NA,NA,NA,NA,NA,NA,NA,NA,NA,NA,NA,NA,NA
6352.6,2.66,17.15,0.91,0.001,1.3,2.23,0.3,22.38,0.11,0.34,1.5,10,8.83000000014668,97.19,42.52,57.61,6.16,44.28,62.75,10.96,4,-0.928404119232632,-0.573166094019073,-0.234795213023604,NA,NA,NA,NA,NA,NA,NA,NA,NA,NA,NA,NA,NA,NA
6353,2.02,14.1,1.08,0.57,1,0.94,0.97,27.91,0.12,0.08,1.5,10,8.83000000007334,87.01,55.47,34.37,4.31,32.47,56.34,9.94,4,-0.93960609113123,-0.895419112425686,0.493954403554468,NA,NA,NA,NA,NA,NA,NA,NA,NA,NA,NA,NA,NA,NA
6353.6,2.02,14.1,1.08,0.57,1,0.94,0.97,27.91,0.12,0.08,1.5,10,8.83000000007334,87.01,55.47,34.37,4.31,32.47,56.34,9.94,4,-0.93960609113123,-0.895419112425686,0.493954403554468,NA,NA,NA,NA,NA,NA,NA,NA,NA,NA,NA,NA,NA,NA
6354,2.93,19.52,0.92,0.001,1.33,1.14,0.59,22.24,0.1,0.11,1.5,10,8.83000000003667,105.29,40.15,96.8,4.865,17.56,54.19,8.56,4,-0.708568423121713,-0.73102919574201,0.372049221145079,NA,NA,NA,NA,NA,NA,NA,NA,NA,NA,NA,NA,NA,NA
6354.6,2.93,19.52,0.92,0.001,1.33,1.14,0.59,22.24,0.1,0.11,1.5,10,8.83000000003667,105.29,40.15,96.8,4.865,17.56,54.19,8.56,4,-0.708568423121713,-0.73102919574201,0.372049221145079,NA,NA,NA,NA,NA,NA,NA,NA,NA,NA,NA,NA,NA,NA
6355,1.9,15.88,0.92,0.08,0.66,0.72,0.92,28,0.12,0.08,1.5,22.62,8.83000000001833,77.3,39.45,87.57,5.42,24.61,46.64,5,4,-0.894979882239887,-0.744461034247368,0.671143231897107,NA,NA,NA,NA,NA,NA,NA,NA,NA,NA,NA,NA,NA,NA
6355.6,1.9,15.88,0.92,0.08,0.66,0.72,0.92,28,0.12,0.08,1.5,22.62,8.83000000001833,77.3,39.45,87.57,5.42,24.61,46.64,5,4,-0.894979882239887,-0.744461034247368,0.671143231897107,NA,NA,NA,NA,NA,NA,NA,NA,NA,NA,NA,NA,NA,NA
6356,1.95,10.66,1.1,0.07,1.08,0.94,0.3,32.27,0.12,0.05,1.5,10,8.83000000000917,91.41,37.69,15.63,4.61,34.46,52.83,7.88,4,-1.12587759742413,-0.460159494608824,0.496876139047788,NA,NA,NA,NA,NA,NA,NA,NA,NA,NA,NA,NA,NA,NA
6356.6,1.95,10.66,1.1,0.07,1.08,0.94,0.3,32.27,0.12,0.05,1.5,10,8.83000000000917,91.41,37.69,15.63,4.61,34.46,52.83,7.88,4,-1.12587759742413,-0.460159494608824,0.496876139047788,NA,NA,NA,NA,NA,NA,NA,NA,NA,NA,NA,NA,NA,NA
6357,1.81,13.01,0.94,0.08,1.5,1.74,1.5,30.65,0.12,0.21,5.1,10,8.83000000000458,82.91,37.25,7.5,5.9,29.56,45.83,7.51,4,-1.19802286766795,-0.502275520050714,-0.294605565787218,NA,NA,NA,NA,NA,NA,NA,NA,NA,NA,NA,NA,NA,NA
6357.6,1.81,13.01,0.94,0.08,1.5,1.74,1.5,30.65,0.12,0.21,5.1,10,8.83000000000458,82.91,37.25,7.5,5.9,29.56,45.83,7.51,4,-1.19802286766795,-0.502275520050714,-0.294605565787218,NA,NA,NA,NA,NA,NA,NA,NA,NA,NA,NA,NA,NA,NA
6358,2.96,17.08,0.89,0.001,1.16,1.17,0.63,24.5,0.12,0.1,1.5,10,8.83000000000229,112.7,32.98,26.86,7.19,18.61,43.26,7.66,4,-1.00480482950721,-0.535353769331966,0.363903845617592,NA,NA,NA,NA,NA,NA,NA,NA,NA,NA,NA,NA,NA,NA
6358.6,2.96,17.08,0.89,0.001,1.16,1.17,0.63,24.5,0.12,0.1,1.5,10,8.83000000000229,112.7,32.98,26.86,7.19,18.61,43.26,7.66,4,-1.00480482950721,-0.535353769331966,0.363903845617592,NA,NA,NA,NA,NA,NA,NA,NA,NA,NA,NA,NA,NA,NA
6359,0.7,7.23,0.39,0.03,0.47,0.49,0.3,38.75,0.16,0.04,1.5,10,8.83000000000115,94.32,25.77,46.66,6.525,11.19,13.39,8.42,4,-1.80188411105181,-0.488066835583156,0.425118646057996,NA,NA,NA,NA,NA,NA,NA,NA,NA,NA,NA,NA,NA,NA
6359.6,0.7,7.23,0.39,0.03,0.47,0.49,0.3,38.75,0.16,0.04,1.5,10,8.83000000000115,94.32,25.77,46.66,6.525,11.19,13.39,8.42,4,-1.80188411105181,-0.488066835583156,0.425118646057996,NA,NA,NA,NA,NA,NA,NA,NA,NA,NA,NA,NA,NA,NA
6360,2.6,17.06,0.82,0.001,0.64,0.84,0.3,24.5,0.13,0.11,1.5,10,8.83000000000057,84.82,25,34.28,5.86,40.91,63.4,5,4,-0.889846876370638,-0.443377345268199,0.766109113908422,NA,NA,NA,NA,NA,NA,NA,NA,NA,NA,NA,NA,NA,NA
6360.6,2.6,17.06,0.82,0.001,0.64,0.84,0.3,24.5,0.13,0.11,1.5,10,8.83000000000057,84.82,25,34.28,5.86,40.91,63.4,5,4,-0.889846876370638,-0.443377345268199,0.766109113908422,3.311743119266097,0.04257463235294112,NA,NA,NA,NA,NA,NA,NA,NA,NA,NA,NA,NA
6361,3.09,20.43,1.57,0.16,0.71,1.27,1.43,23.53,0.15,0.18,4.65,37.04,8.83000000000029,91.24,7.5,20.63,6.8,28.64,90.85,9.56,4,-0.686993569409742,-0.531280405810174,0.367913043796862,3.3352293577981844,0.042530514705882344,NA,NA,NA,NA,NA,NA,NA,NA,NA,NA,NA,NA
6361.6,3.09,20.43,1.57,0.16,0.71,1.27,1.43,23.53,0.15,0.18,4.65,37.04,8.83000000000029,91.24,7.5,20.63,6.8,28.64,90.85,9.56,4,-0.686993569409742,-0.531280405810174,0.367913043796862,3.3704587155963694,0.042464338235294066,NA,NA,NA,NA,NA,NA,NA,NA,NA,NA,NA,NA
6362,1.89,10.47,0.97,0.63,0.74,1.47,0.3,30.69,0.18,0.2,4.18,10,8.83000000000014,94.91,30.42,14.39,7.27,28.06,64.65,9.32,4,-1.52822937366273,-0.583841563543707,-0.0629161559378156,3.393944954128457,0.04242022058823528,NA,NA,NA,NA,NA,NA,NA,NA,NA,NA,NA,NA
6362.6,1.89,10.47,0.97,0.63,0.74,1.47,0.3,30.69,0.18,0.2,4.18,10,8.83000000000014,94.91,30.42,14.39,7.27,28.06,64.65,9.32,4,-1.52822937366273,-0.583841563543707,-0.0629161559378156,3.4291743119266416,0.04235404411764701,NA,NA,NA,NA,NA,NA,NA,NA,NA,NA,NA,NA
6363,3.53,18.58,1.07,0.16,1.13,1.01,1.05,21.02,0.11,0.16,1.5,42.93,8.83000000000007,101.84,38.25,76.1,7.74,56.98,92.31,7.32,2,-0.385228153350603,-0.968923173370665,0.71146178276591,3.452660550458729,0.042309926470588226,NA,NA,NA,NA,NA,NA,NA,NA,NA,NA,NA,NA
6363.6,3.53,18.58,1.07,0.16,1.13,1.01,1.05,21.02,0.11,0.16,1.5,42.93,8.83000000000007,101.84,38.25,76.1,7.74,56.98,92.31,7.32,2,-0.385228153350603,-0.968923173370665,0.71146178276591,3.4878899082569137,0.04224374999999995,NA,NA,NA,NA,NA,NA,NA,NA,NA,NA,NA,NA
6364,2.28,12.33,0.93,2.06,0.66,0.83,0.3,28.94,0.12,0.02,1.5,10,8.83000000000004,102.87,20.82,45.2,6.29,27.97,38.33,8.48,4,-1.13087272815698,-0.894608573242917,0.920433982528463,3.5113761467890017,0.04219963235294117,NA,NA,NA,NA,NA,NA,NA,NA,NA,NA,NA,NA
6364.6,2.28,12.33,0.93,2.06,0.66,0.83,0.3,28.94,0.12,0.02,1.5,10,8.83000000000004,102.87,20.82,45.2,6.29,27.97,38.33,8.48,4,-1.13087272815698,-0.894608573242917,0.920433982528463,3.5466055045871863,0.04213345588235289,NA,NA,NA,NA,NA,NA,NA,NA,NA,NA,NA,NA
6365,0.81,11.74,0.46,0.04,0.35,0.45,0.3,34.71,0.16,0.1,1.5,10,8.83000000000002,85.79,36.81,41.05,5.565,13.71,23.98,6.57,4,-1.64080522919032,-0.628505636285139,0.514812341123084,3.570091743119274,0.04208933823529411,NA,NA,NA,NA,NA,NA,NA,NA,NA,NA,NA,NA
6365.6,0.81,11.74,0.46,0.04,0.35,0.45,0.3,34.71,0.16,0.1,1.5,10,8.83000000000002,85.79,36.81,41.05,5.565,13.71,23.98,6.57,4,-1.64080522919032,-0.628505636285139,0.514812341123084,3.6053211009174584,0.04202316176470584,NA,NA,NA,NA,NA,NA,NA,NA,NA,NA,NA,NA
6366,3.29,21.72,1.49,1.38,0.75,1.04,0.3,19.17,0.09,0.07,1.5,10,8.83000000000001,95.1,28.73,29.76,4.84,47.92,80.37,10.18,2,-0.40120972943364003,-0.75667644170318,0.965745616776675,3.628807339449546,0.04197904411764705,NA,NA,NA,NA,NA,NA,NA,NA,NA,NA,NA,NA
6366.6,3.29,21.72,1.49,1.38,0.75,1.04,0.3,19.17,0.09,0.07,1.5,10,8.83000000000001,95.1,28.73,29.76,4.84,47.92,80.37,10.18,2,-0.40120972943364003,-0.75667644170318,0.965745616776675,3.664036697247731,0.041912867647058774,NA,NA,NA,NA,NA,NA,NA,NA,NA,NA,NA,NA
6367,3.08,20.75,1.58,0.15,1.13,1.07,0.65,20.94,0.09,0.11,1.5,50.83,8.83000000000001,88.47,29.33,154.83,5.58,47.4,75.12,8.56,2,-0.173122171943184,-0.820576364602868,0.676528043138154,3.6875229357798185,0.041868749999999996,NA,NA,NA,NA,NA,NA,NA,NA,NA,NA,NA,NA
6367.6,3.08,20.75,1.58,0.15,1.13,1.07,0.65,20.94,0.09,0.11,1.5,50.83,8.83000000000001,88.47,29.33,154.83,5.58,47.4,75.12,8.56,2,-0.173122171943184,-0.820576364602868,0.676528043138154,3.722752293578003,0.04180257352941172,NA,NA,NA,NA,NA,NA,NA,NA,NA,NA,NA,NA
6368,2.05,10.27,0.69,1.77,0.46,0.54,0.3,32.57,0.16,0.02,1.5,10,8.83,91.25,22.64,20.06,6.125,20.15,37.01,6.47,4,-1.44194345735221,-0.824032533493165,0.969566157738429,3.7462385321100906,0.041758455882352934,NA,NA,NA,NA,NA,NA,NA,NA,NA,NA,NA,NA
6368.6,2.05,10.27,0.69,1.77,0.46,0.54,0.3,32.57,0.16,0.02,1.5,10,8.83,91.25,22.64,20.06,6.125,20.15,37.01,6.47,4,-1.44194345735221,-0.824032533493165,0.969566157738429,3.781467889908275,0.04169227941176466,NA,NA,NA,NA,NA,NA,NA,NA,NA,NA,NA,NA
6369,4.26,19.99,1.31,0.27,0.67,0.74,1.09,21.94,0.11,0.05,1.5,48.34,8.83,70.68,31.42,49.57,6.67,59.65,69.03,5,2,-0.282610008376209,-0.644212139380354,1.03167874751294,3.8049541284403627,0.04164816176470588,NA,NA,NA,NA,NA,NA,NA,NA,NA,NA,NA,NA
6369.6,4.26,19.99,1.31,0.27,0.67,0.74,1.09,21.94,0.11,0.05,1.5,48.34,8.83,70.68,31.42,49.57,6.67,59.65,69.03,5,2,-0.282610008376209,-0.644212139380354,1.03167874751294,3.8401834862385478,0.04158198529411761,NA,NA,NA,NA,NA,NA,NA,NA,NA,NA,NA,NA
6370,3.01,12.76,0.83,1.44,0.64,0.8,0.3,27.78,0.15,0.17,1.5,10,8.83,90.01,31.12,28.37,5.705,44.62,61.58,5,4,-1.09809021072774,-0.922503076197143,0.907088571873806,3.8636697247706353,0.04153786764705882,14.773462783171297,0,0.16990291262152782,62.71682847896412,0,1.886731391585648,3.0566343042071757,2,0.943365695792824,0.943365695792824,14.509708737864583,0.7971682847896412
6370.6,3.01,12.76,0.83,1.44,0.64,0.8,0.3,27.78,0.15,0.17,1.5,10,8.83,90.01,31.12,28.37,5.705,44.62,61.58,5,4,-1.09809021072774,-0.922503076197143,0.907088571873806,3.89889908256882,0.041471691176470545,14.385113268607972,0,0.46116504854402085,62.231391585759965,0,1.6925566343039862,3.153721682848007,2,0.8462783171519931,0.8462783171519931,15.383495145632063,0.7923139158575997
6371,1.67,9.2,1.02,0.07,0.59,0.78,0.88,31.09,0.17,0.18,1.5,10,8.83,78.69,27.62,19.52,5.2225,30.69,44.43,5,4,-1.33210813094295,-0.565738271034659,0.614085411071083,3.922385321100908,0.04142757352941177,14.126213592232816,0,0.6553398058253885,61.907766990291016,0,1.5631067961164078,3.218446601941796,2,0.7815533980582039,0.7815533980582039,15.966019417476165,0.7890776699029102
6371.6,1.67,9.2,1.02,0.07,0.59,0.78,0.88,31.09,0.17,0.18,1.5,10,8.83,78.69,27.62,19.52,5.2225,30.69,44.43,5,4,-1.33210813094295,-0.565738271034659,0.614085411071083,3.803124999999909,0.03992461538461385,13.737864077669492,0,0.9466019417478815,61.42233009708686,0,1.3689320388347457,3.315533980582627,2,0.6844660194173728,0.6844660194173728,16.839805825243644,0.7842233009708687
6372,2.83,12.47,0.88,0.001,0.63,0.97,0.3,29.35,0.16,0.05,1.5,10,8.83,105.06,45.12,19.47,4.98125,42.72,48.89,5,4,-1.17902010022415,-0.694261730248994,0.548893397819646,3.620625000000065,0.03823846153846154,13.478964401294334,0,1.140776699029249,61.09870550161792,0,1.2394822006471673,3.3802588996764165,2,0.6197411003235836,0.6197411003235836,17.422330097087748,0.7809870550161793
6372.6,2.83,12.47,0.88,0.001,0.63,0.97,0.3,29.35,0.16,0.05,1.5,10,8.83,105.06,45.12,19.47,4.98125,42.72,48.89,5,4,-1.17902010022415,-0.694261730248994,0.548893397819646,3.3468749999998835,0.03570923076922924,13.09061488673101,0,1.4320388349517421,60.61326860841376,0,1.0453074433655054,3.4773462783172473,2,0.5226537216827527,0.5226537216827527,18.296116504855227,0.7761326860841377
6373,2.23,9.36,1.33,0.08,0.63,1.2,1.11,32.51,0.17,0.17,1.5,10,8.83,95.79,45.54,34.47,4.74,34.69,39.01,5,4,-1.25222735622551,-0.825767824442927,0.3716399318366,3.164375000000039,0.03402307692307692,12.831715210355853,0,1.6262135922331098,60.28964401294482,0,0.9158576051779268,3.542071197411037,2,0.4579288025889634,0.4579288025889634,18.878640776699328,0.7728964401294481
6373.6,2.23,9.36,1.33,0.08,0.63,1.2,1.11,32.51,0.17,0.17,1.5,10,8.83,95.79,45.54,34.47,4.74,34.69,39.01,5,4,-1.25222735622551,-0.825767824442927,0.3716399318366,2.890624999999857,0.031493846153844623,12.44336569579253,0,1.9174757281556025,59.80420711974066,0,0.7216828478962649,3.6391585760518677,2,0.36084142394813246,0.36084142394813246,19.752427184466807,0.7680420711974066
6374,2.11,8.65,1.02,1.9,0.58,0.82,0.3,32.46,0.18,0.02,5.24,10,8.83,93.7,7.5,20.56,5.195,27.65,44.31,6.45,4,-1.49448974015939,-0.699787468889258,0.592440851725426,2.708125000000013,0.029807692307692306,12.184466019417373,0,2.11165048543697,59.48058252427172,0,0.5922330097086865,3.7038834951456567,2,0.29611650485434327,0.29611650485434327,20.33495145631091,0.7648058252427172
6374.6,2.11,8.65,1.02,1.9,0.58,0.82,0.3,32.46,0.18,0.02,5.24,10,8.83,93.7,7.5,20.56,5.195,27.65,44.31,6.45,4,-1.49448974015939,-0.699787468889258,0.592440851725426,2.5072413793104475,0.027867235494881137,11.796116504854048,0,2.402912621359463,58.99514563106756,0,0.3980582524270244,3.800970873786488,2,0.1990291262135122,0.1990291262135122,21.20873786407839,0.7599514563106756
6375,2.39,11.04,1.4,0.1,0.58,0.84,0.3,32.39,0.17,0.19,1.5,10,8.83,70.1,30.71,28.39,5.4225,34.89,54.35,5,4,-1.21441853759315,-0.419070659315622,0.583737840561584,2.6162068965517413,0.028536177474402645,11.537216828478892,0,2.597087378640831,58.671521035598616,0,0.26860841423944604,3.865695792880277,2,0.13430420711972302,0.13430420711972302,21.791262135922494,0.7567152103559862
6375.6,2.39,11.04,1.4,0.1,0.58,0.84,0.3,32.39,0.17,0.19,1.5,10,8.83,70.1,30.71,28.39,5.4225,34.89,54.35,5,4,-1.21441853759315,-0.419070659315622,0.583737840561584,2.77965517241393,0.029539590443686432,11.148867313915568,0,2.8883495145633242,58.18608414239446,0,0.07443365695778392,3.962783171521108,2,0.03721682847889196,0.03721682847889196,22.66504854368997,0.7518608414239446
6376,2.6,10.89,0.81,0.001,0.74,1.14,0.3,30.93,0.15,0.1,1.5,10,8.83,114,29.89,18.14,5.65,15.36,46.78,5,4,-1.37779369441324,-0.564019260195346,0.422114404633374,2.8886206896552236,0.03020853242320794,11.03195488721806,0,3.095864661654182,58.03195488721806,0,0.09586466165418162,4,2.0319548872180606,0,0,22.712406015037455,0.751597744360903
6376.6,2.6,10.89,0.81,0.001,0.74,1.14,0.3,30.93,0.15,0.1,1.5,10,8.83,114,29.89,18.14,5.65,15.36,46.78,5,4,-1.37779369441324,-0.564019260195346,0.422114404633374,3.052068965517412,0.031211945392491725,11.144736842105353,0,3.4342105263160594,58.14473684210535,0,0.43421052631605944,4,2.144736842105353,0,0,21.69736842105182,0.7572368421052676
6377,2.92,12.47,0.97,0.001,1.09,1.26,0.3,28.13,0.15,0.31,1.5,10,8.83,88.06,38.75,21.91,5.625,18.79,40.68,5,4,-1.34040630027843,-0.519691681097953,0.180919504314894,3.1610344827587062,0.031880887372013236,11.2199248120301,0,3.6597744360903026,58.2199248120301,0,0.6597744360903026,4,2.2199248120301007,0,0,21.020676691729093,0.7609962406015051
6377.6,2.92,12.47,0.97,0.001,1.09,1.26,0.3,28.13,0.15,0.31,1.5,10,8.83,88.06,38.75,21.91,5.625,18.79,40.68,5,4,-1.34040630027843,-0.519691681097953,0.180919504314894,3.330000000000218,0.032974000000000156,11.332706766917394,0,3.9981203007521806,58.33270676691739,0,0.9981203007521804,4,2.3327067669173935,0,0,20.005639097743458,0.7666353383458697
6378,2.66,12.42,1.63,0.11,0.63,0.85,0.3,28.68,0.14,0.14,4.04,29.15,8.83,87.35,26.47,32.73,5.6,39.49,56.32,7.15,4,-1.04313327428507,-0.457327612044674,0.356282072978967,3.450000000000109,0.03385399999999936,11.407894736842142,0,4.223684210526423,58.40789473684214,0,1.2236842105264238,4,2.4078947368421413,0,0,19.328947368420728,0.7703947368421071
6378.6,2.66,12.42,1.63,0.11,0.63,0.85,0.3,28.68,0.14,0.14,4.04,29.15,8.83,87.35,26.47,32.73,5.6,39.49,56.32,7.15,4,-1.04313327428507,-0.457327612044674,0.356282072978967,3.6300000000002184,0.035174000000000157,11.520676691729435,0,4.562030075188302,58.520676691729435,0,1.5620300751883016,4,2.5206766917294336,0,0,18.313909774435096,0.7760338345864717
6379,2.6,12.75,0.85,0.001,0.71,0.98,1.19,27.18,0.13,0.17,1.5,10,8.83,95.01,42.07,21.71,6.38,15.86,55.15,8.73,4,-1.13326282217272,-0.711383104276667,0.376253674618212,3.7500000000001092,0.03605399999999936,11.595864661654181,0,4.787593984962545,58.59586466165418,0,1.7875939849625448,4,2.595864661654182,0,0,17.637218045112366,0.7797932330827091
6379.6,2.6,12.75,0.85,0.001,0.71,0.98,1.19,27.18,0.13,0.17,1.5,10,8.83,95.01,42.07,21.71,6.38,15.86,55.15,8.73,4,-1.13326282217272,-0.711383104276667,0.376253674618212,3.930000000000218,0.03737400000000016,11.708646616541474,0,5.125939849624423,58.70864661654147,0,2.1259398496244226,4,2.708646616541474,0,0,16.62218045112673,0.7854323308270738
6380,2.11,9.63,0.61,0.001,0.58,0.92,0.3,31.78,0.17,0.18,1.5,10,8.83,93.3,28.77,25.15,6.215,11.04,31.84,5,4,-1.61676252305482,-0.500380866475229,0.36523821259134,4.050000000000109,0.03825399999999936,11.783834586466222,0,5.351503759398666,58.78383458646622,0,2.351503759398666,4,2.783834586466222,0,0,15.945488721804002,0.7891917293233112
6380.6,2.11,9.63,0.61,0.001,0.58,0.92,0.3,31.78,0.17,0.18,1.5,10,8.83,93.3,28.77,25.15,6.215,11.04,31.84,5,4,-1.61676252305482,-0.500380866475229,0.36523821259134,4.111666666666467,0.03875301724137906,11.896616541353515,0,5.689849624060543,58.89661654135352,0,2.6898496240605434,4,2.8966165413535148,0,0,14.930451127818369,0.7948308270676757
6381,2.32,10.67,0.75,0.001,0.59,0.87,0.3,31.9,0.15,0.11,1.5,10,8.83,121.59,37.94,13.75,6.1325,12.51,31.14,8.36,4,-1.54533215073565,-0.675380462880968,0.312813374302393,3.9949999999999335,0.03770129310344885,11.971804511278263,0,5.915413533834787,58.971804511278265,0,2.915413533834787,4,2.971804511278262,0,0,14.253759398495639,0.7985902255639131
6381.6,2.32,10.67,0.75,0.001,0.59,0.87,0.3,31.9,0.15,0.11,1.5,10,8.83,121.59,37.94,13.75,6.1325,12.51,31.14,8.36,4,-1.54533215073565,-0.675380462880968,0.312813374302393,3.8199999999998675,0.036123706896551144,11.900110987791184,0,5.700332963373552,59.349611542730855,0,2.950055493895592,3.9001109877911837,2.950055493895592,0,0,14.149833518313224,0.799500554938956
6382,2.53,11.51,0.79,0.001,0.72,0.95,0.92,30.68,0.21,0.17,1.5,10,8.83,92.74,7.5,19.35,6.05,38.1,45.02,5,4,-1.33036833627921,-0.483731853851156,0.663906149817181,3.7033333333333336,0.03507198275862093,11.811320754716904,0,5.433962264150715,59.660377358490834,0,2.9056603773584526,3.811320754716905,2.9056603773584526,0,0,14.283018867924643,0.7990566037735846
6382.6,2.53,11.51,0.79,0.001,0.72,0.95,0.92,30.68,0.21,0.17,1.5,10,8.83,92.74,7.5,19.35,6.05,38.1,45.02,5,4,-1.33036833627921,-0.483731853851156,0.663906149817181,3.528333333333267,0.033494396551723225,11.678135405105285,0,5.034406215315854,60.126526082131505,0,2.8390677025526423,3.6781354051052846,2.8390677025526423,0,0,14.482796892342073,0.7983906770255265
6383,3.07,12.82,1.63,0.11,0.68,0.86,0.81,28.67,0.14,0.18,1.5,28.44,8.83,87.46,39.46,25.57,4.93,42.77,55.41,8.54,4,-0.901395483715778,-0.692602420575436,0.563800342306388,3.4438461538461755,0.03283417721518986,11.589345172031006,0,4.7680355160930175,60.43729189789148,0,2.794672586015503,3.5893451720310057,2.794672586015503,0,0,14.61598224195349,0.797946725860155
6383.6,3.07,12.82,1.63,0.11,0.68,0.86,0.81,28.67,0.14,0.18,1.5,28.44,8.83,87.46,39.46,25.57,4.93,42.77,55.41,8.54,4,-0.901395483715778,-0.692602420575436,0.563800342306388,3.365384615384582,0.03219620253164514,11.456159822419385,0,4.368479467258156,60.90344062153215,0,2.7280799112096927,3.4561598224193855,2.7280799112096927,0,0,14.815760266370923,0.7972807991120969
6384,2.12,10.04,0.7,0.001,0.46,0.6,0.76,33.18,0.16,0.16,1.5,10,8.83,104.27,30.78,30.96,4.805,32.25,40.53,9.01,4,-1.39845091836109,-0.769299986825089,0.548880315929565,3.3130769230769324,0.0317708860759493,11.367369589345106,0,4.10210876803532,61.21420643729213,0,2.683684794672553,3.3673695893451066,2.683684794672553,0,0,14.94894561598234,0.7968368479467256
6384.6,2.12,10.04,0.7,0.001,0.46,0.6,0.76,33.18,0.16,0.16,1.5,10,8.83,104.27,30.78,30.96,4.805,32.25,40.53,9.01,4,-1.39845091836109,-0.769299986825089,0.548880315929565,3.234615384615339,0.031132911392404584,11.234184239733487,0,3.702552719200459,61.6803551609328,0,2.617092119866743,3.2341842397334863,2.617092119866743,0,0,15.148723640399771,0.7961709211986675
6385,2.65,11.42,1.44,0.09,0.55,0.62,1.59,30.61,0.15,0.06,5.48,21.79,8.83,93.23,7.5,32.81,4.68,37.1,46.63,5,4,-0.986851310078691,-0.556351389570639,0.570647244775421,3.182307692307689,0.03070759493670875,11.145394006659208,0,3.4361820199776223,61.99112097669278,0,2.572697003329604,3.1453940066592074,2.572697003329604,0,0,15.281908990011189,0.7957269700332961
6385.6,2.65,11.42,1.44,0.09,0.55,0.62,1.59,30.61,0.15,0.06,5.48,21.79,8.83,93.23,7.5,32.81,4.68,37.1,46.63,5,4,-0.986851310078691,-0.556351389570639,0.570647244775421,3.1038461538460957,0.03006962025316403,11.012208657047587,0,3.0366259711427617,62.45726970033344,0,2.5061043285237936,3.0122086570475872,2.5061043285237936,0,0,15.48168701442862,0.795061043285238
6386,3.21,12.32,0.86,0.001,0.63,0.74,1.15,26.53,0.15,0.35,1.5,10,8.83,103.05,7.5,37.77,4.785,16.87,45.12,5,4,-1.18851509450732,-0.689251447948407,0.685026727531426,3.0515384615384464,0.029644303797468192,10.923418423973308,0,2.770255271919925,62.76803551609342,0,2.461709211986654,2.9234184239733083,2.461709211986654,0,0,15.614872364040037,0.7946170921198665
6386.6,3.21,12.32,0.86,0.001,0.63,0.74,1.15,26.53,0.15,0.35,1.5,10,8.83,103.05,7.5,37.77,4.785,16.87,45.12,5,4,-1.18851509450732,-0.689251447948407,0.685026727531426,2.973076923076853,0.029006329113923472,10.790233074361687,0,2.3706992230850643,63.23418423973409,0,2.395116537180844,2.790233074361688,2.395116537180844,0,0,15.814650388457467,0.7939511653718084
6387,3.45,13.68,1.06,0.11,1.39,1.13,1.04,27.27,0.13,0.1,1.5,23.94,8.83,70.53,30.78,21.18,4.89,45.12,50.06,10.14,4,-0.79319201296628306,-0.395883223010919,0.466652202470163,2.9399999999999893,0.029131225296442808,10.70144284128741,0,2.1043285238622276,63.54495005549407,0,2.350721420643705,2.701442841287409,2.350721420643705,0,0,15.947835738068886,0.7935072142064371
6387.6,3.45,13.68,1.06,0.11,1.39,1.13,1.04,27.27,0.13,0.1,1.5,23.94,8.83,70.53,30.78,21.18,4.89,45.12,50.06,10.14,4,-0.79319201296628306,-0.395883223010919,0.466652202470163,2.899999999999968,0.029593675889328427,10.568257491675789,0,1.704772475027366,64.01109877913474,0,2.2841287458378945,2.568257491675789,2.2841287458378945,0,0,16.147613762486316,0.792841287458379
6388,3.13,12.65,1.65,0.15,1.07,1.07,1.46,28.4,0.14,0.13,1.5,24.52,8.83,89.23,43.96,16.05,5.32,43.83,49.22,5,4,-0.788561288682264,-0.760890665913966,0.595158647070714,2.8733333333333273,0.02990197628458504,10.47946725860151,0,1.4384017758045298,64.32186459489472,0,2.239733629300755,2.4794672586015096,2.239733629300755,0,0,16.280799112097736,0.7923973362930076
6388.6,3.13,12.65,1.65,0.15,1.07,1.07,1.46,28.4,0.14,0.13,1.5,24.52,8.83,89.23,43.96,16.05,5.32,43.83,49.22,5,4,-0.788561288682264,-0.760890665913966,0.595158647070714,2.833333333333306,0.030364426877470662,10.346281908989889,0,1.0388457269696687,64.78801331853539,0,2.173140954494945,2.34628190898989,2.173140954494945,0,0,16.480577136515166,0.7917314095449495
6389,1.49,7.49,0.87,0.08,0.7,0.99,1.03,36.55,0.18,0.02,1.5,10,8.83,103.99,23.72,19,5.38,20.33,35.02,5,4,-1.49351951798108,-0.609231603402025,0.55435573494157,2.8066666666666653,0.03067272727272727,10.257491675915611,0,0.7724750277468324,65.09877913429537,0,2.1287458379578053,2.2574916759156105,2.1287458379578053,0,0,16.613762486126582,0.7912874583795781
6389.6,1.49,7.49,0.87,0.08,0.7,0.99,1.03,36.55,0.18,0.02,1.5,10,8.83,103.99,23.72,19,5.38,20.33,35.02,5,4,-1.49351951798108,-0.609231603402025,0.55435573494157,2.766666666666644,0.031135177865612894,10.12430632630399,0,0.37291897891197134,65.56492785793603,0,2.0621531631519954,2.1243063263039907,2.0621531631519954,0,0,16.813540510544016,0.7906215316315199
6390,2.17,8.24,0.9,5.28,0.42,0.44,0.3,29.77,0.16,0.02,1.5,10,8.83,83.64,21.85,28.84,5.44,25.09,36.83,5,4,-1.36854583317162,-1.67126294548367,1.67402288313802,2.7400000000000038,0.031443478260869503,10.035516093229711,0,0.10654827968913505,65.875693673696,0,2.0177580466148557,2.0355160932297114,2.0177580466148557,0,0,16.946725860155432,0.7901775804661486
6390.6,2.17,8.24,0.9,5.28,0.42,0.44,0.3,29.77,0.16,0.02,1.5,10,8.83,83.64,21.85,28.84,5.44,25.09,36.83,5,4,-1.36854583317162,-1.67126294548367,1.67402288313802,2.6999999999999824,0.03190592885375512,10,0,0,66.07500000000009,0,1.9499999999999431,2.1000000000001138,1.9749999999999717,0.025000000000028423,0,16.899999999999885,0.7915000000000018
6391,1.6,8.5,1.15,0.07,0.47,0.48,0.3,33.7,0.15,0.05,1.5,22.84,8.83,91.88,28,35.37,19.79,26.4,42.74,6.15,4,-1.45290618930784,-0.154407418855985,0.402266743522129,2.6733333333333418,0.03221422924901174,10,0,0,66.14318181818184,0,1.9045454545454399,2.1909090909091202,1.95227272727272,0.04772727272728001,0,16.80909090909088,0.7928636363636369
6391.6,1.6,8.5,1.15,0.07,0.47,0.48,0.3,33.7,0.15,0.05,1.5,22.84,8.83,91.88,28,35.37,19.79,26.4,42.74,6.15,4,-1.45290618930784,-0.154407418855985,0.402266743522129,2.6333333333333204,0.03267667984189736,10,0,0,66.24545454545462,0,1.8363636363635818,2.3272727272728364,1.918181818181791,0.08181818181820906,0,16.672727272727165,0.7949090909090926
6392,1.82,6.38,1.14,2.75,0.52,0.47,0.85,30.47,0.15,0.02,1.5,10,8.83,93.47,32.51,31.22,20.125,33.58,37.96,6.59,4,-1.37848682526573,-0.875324112476523,0.866419677383575,2.62,0.03267665952890804,10,0,0,66.31363636363638,0,1.7909090909090786,2.418181818181843,1.8954545454545393,0.10454545454546066,0,16.581818181818157,0.7962727272727277
6392.6,1.82,6.38,1.14,2.75,0.52,0.47,0.85,30.47,0.15,0.02,1.5,10,8.83,93.47,32.51,31.22,20.125,33.58,37.96,6.59,4,-1.37848682526573,-0.875324112476523,0.866419677383575,2.62,0.03236830835117766,10,0,0,66.41590909090917,0,1.7227272727272207,2.5545454545455586,1.8613636363636104,0.1386363636363897,0,16.445454545454442,0.7983181818181834
6393,2.72,11.92,1.67,0.43,0.66,0.71,0.97,28.21,0.13,0.02,1.5,10,8.83,83.91,26,22.09,20.46,45.68,56.22,7.73,4,-0.88749715192319,-0.0938890179722222,0.562067668976446,2.62,0.03216274089935773,10,0,0,66.48409090909092,0,1.6772727272727175,2.645454545454565,1.8386363636363587,0.1613636363636413,0,16.354545454545434,0.7996818181818185
6393.6,2.72,11.92,1.67,0.43,0.66,0.71,0.97,28.21,0.13,0.02,1.5,10,8.83,83.91,26,22.09,20.46,45.68,56.22,7.73,4,-0.88749715192319,-0.0938890179722222,0.562067668976446,2.62,0.03185438972162735,10,0,0,66.58636363636371,0,1.6090909090908592,2.7818181818182817,1.8045454545454296,0.19545454545457036,0,16.21818181818172,0.8017272727272743
6394,1.55,5.82,0.81,1.67,0.65,0.76,0.3,36.51,0.2,0.02,1.5,10,8.83,111.94,7.5,37,32.29,19.88,38.46,5,4,-1.8738773542612,-0.145460980052232,0.349534652228221,2.62,0.03164882226980741,10,0,0,66.65454545454547,0,1.5636363636363562,2.8727272727272877,1.781818181818178,0.21818181818182195,0,16.12727272727271,0.8030909090909093
6394.6,1.55,5.82,0.81,1.67,0.65,0.76,0.3,36.51,0.2,0.02,1.5,10,8.83,111.94,7.5,37,32.29,19.88,38.46,5,4,-1.8738773542612,-0.145460980052232,0.349534652228221,2.62,0.031340471092077035,10,0,0,66.75681818181825,0,1.495454545454498,3.009090909091004,1.747727272727249,0.252272727272751,0,15.990909090908996,0.8051363636363651
6395,2.07,8.78,1.51,0.09,0.63,0.85,1.29,32.63,0.16,0.08,1.5,38.27,8.83,104.49,31.4,30.02,23.41,35.45,40.2,5,4,-1.27419578136649,-0.34686356108858,0.285293038764507,2.62,0.0311349036402571,10,0,0,66.825,0,1.4499999999999948,3.1000000000000103,1.7249999999999974,0.2750000000000026,0,15.89999999999999,0.8065000000000002
6395.6,2.07,8.78,1.51,0.09,0.63,0.85,1.29,32.63,0.16,0.08,1.5,38.27,8.83,104.49,31.4,30.02,23.41,35.45,40.2,5,4,-1.27419578136649,-0.34686356108858,0.285293038764507,2.62,0.030826552462526725,10,0,0,66.9272727272728,0,1.3818181818181368,3.2363636363637265,1.6909090909090683,0.3090909090909316,0,15.763636363636273,0.8085454545454559
6396,1.95,7.49,1.22,1.45,0.49,0.49,0.84,33.48,0.16,0.05,1.5,10,8.83,92.2,7.5,19.47,23.42,30.27,27.39,5,4,-1.46256459287373,-0.219722849178792,0.712008504883848,2.62,0.030620985010706786,10,0,0,66.99545454545455,0,1.3363636363636335,3.327272727272733,1.6681818181818167,0.33181818181818323,0,15.672727272727267,0.809909090909091
6396.6,1.95,7.49,1.22,1.45,0.49,0.49,0.84,33.48,0.16,0.05,1.5,10,8.83,92.2,7.5,19.47,23.42,30.27,27.39,5,4,-1.46256459287373,-0.219722849178792,0.712008504883848,2.62,0.030312633832976412,10,0,0,67.09772727272734,0,1.2681818181817754,3.463636363636449,1.6340909090908877,0.3659090909091123,0,15.53636363636355,0.8119545454545467
6397,2.4,10.11,1.72,0.11,0.7,2.46,0.3,28.98,0.13,0.07,1.5,40.02,8.83,98.55,26.53,15.79,5.22,44.99,52.03,5,4,-0.994979525263911,-0.322244813498627,0.122767325523109,2.62,0.030107066381156473,10,0,0,67.1659090909091,0,1.2227272727272722,3.5545454545454556,1.611363636363636,0.3886363636363639,0,15.445454545454545,0.8133181818181818
6397.6,2.4,10.11,1.72,0.11,0.7,2.46,0.3,28.98,0.13,0.07,1.5,40.02,8.83,98.55,26.53,15.79,5.22,44.99,52.03,5,4,-0.994979525263911,-0.322244813498627,0.122767325523109,2.62,0.0297987152034261,10,0,0,67.26818181818187,0,1.1545454545454141,3.6909090909091717,1.5772727272727072,0.42272727272729294,0,15.309090909090829,0.8153636363636376
6398,2.84,11.94,1.58,0.5,1.15,1.14,0.3,28.97,0.13,0.1,3.6,10,8.83,95.6,35.67,11.07,25.32,45.92,49.24,7.68,4,-1.19974623697117,0.059782926930045,-0.156042034619203,2.62,0.02959314775160616,10,0,0,67.33636363636363,0,1.1090909090909111,3.7818181818181777,1.5545454545454556,0.4454545454545445,0,15.218181818181822,0.8167272727272726
6398.6,2.84,11.94,1.58,0.5,1.15,1.14,0.3,28.97,0.13,0.1,3.6,10,8.83,95.6,35.67,11.07,25.32,45.92,49.24,7.68,4,-1.19974623697117,0.059782926930045,-0.156042034619203,2.62,0.029284796573875786,10,0,0,67.43863636363642,0,1.0409090909090528,3.9181818181818944,1.5204545454545264,0.4795454545454736,0,15.081818181818106,0.8187727272727284
6399,2.63,10.75,0.89,0.001,1.06,1.01,1.47,29.76,0.13,0.15,1.5,10,8.83,98.99,29.59,30.41,19.76,15.68,34.38,5,4,-1.26578108576372,-0.27273213465905,0.176787534719478,2.62,0.029079229122055846,10,0,0,67.50681818181818,0,0.9954545454545496,4.009090909090901,1.4977272727272748,0.5022727272727252,0,14.9909090909091,0.8201363636363636
6399,2.37,9.72,1.53,0.22,0.63,1.11,1.31,30.93,0.14,0.05,1.5,30.05,8.83,102.19,7.5,20.91,24.555,38.11,49.16,5,4,-1.09368697310266,-0.0199566042267728,0.412704838897491,2.62,0.029079229122055846,10,0,0,67.50681818181818,0,0.9954545454545496,4.009090909090901,1.4977272727272748,0.5022727272727252,0,14.9909090909091,0.8201363636363636
6399.6,2.37,9.72,1.53,0.22,0.63,1.11,1.31,30.93,0.14,0.05,1.5,30.05,8.83,102.19,7.5,20.91,24.555,38.11,49.16,5,4,-1.09368697310266,-0.0199566042267728,0.412704838897491,2.62,0.028770877944325472,10,0,0,67.60909090909097,0,0.9272727272726915,4.1454545454546174,1.4636363636363456,0.5363636363636543,0,14.854545454545383,0.8221818181818192
6400,2.13,9.04,1.36,0.16,0.67,0.87,0.3,33.31,0.26,0.08,4.5,10,8.83,92.02,21.16,54.35,29.35,36.61,28.5,5,4,-1.82230219715799,0.136162725753155,-0.319978633828482,2.62,0.028565310492505533,10,0,0,67.67727272727272,0,0.8818181818181885,4.236363636363623,1.4409090909090942,0.5590909090909058,0,14.763636363636376,0.8235454545454544
6400.6,2.13,9.04,1.36,0.16,0.67,0.87,0.3,33.31,0.26,0.08,4.5,10,8.83,92.02,21.16,54.35,29.35,36.61,28.5,5,4,-1.82230219715799,0.136162725753155,-0.319978633828482,2.62,0.028256959314775155,10,0,0,67.7795454545455,0,0.8136363636363302,4.37272727272734,1.406818181818165,0.5931818181818349,0,14.627272727272661,0.8255909090909102
6401,3.39,15.51,1.06,0.001,1.23,1.03,1.64,23.85,0.11,0.09,1.5,10,8.83,94.35,24.71,73.27,28.82,20.61,83.41,5,4,-0.710344724966263,-0.0661675537548029,0.265831867412361,2.62,0.02805139186295522,10,0,0,67.84772727272725,0,0.7681818181818272,4.463636363636345,1.3840909090909137,0.6159090909090864,0,14.536363636363655,0.8269545454545452
6401.6,3.39,15.51,1.06,0.001,1.23,1.03,1.64,23.85,0.11,0.09,1.5,10,8.83,94.35,24.71,73.27,28.82,20.61,83.41,5,4,-0.710344724966263,-0.0661675537548029,0.265831867412361,2.617590361445783,0.028157384987893476,10,0,0,67.95000000000005,0,0.6999999999999691,4.600000000000062,1.3499999999999845,0.6500000000000155,0,14.399999999999938,0.829000000000001
6402,3.04,11.07,1.79,0.12,2.05,3.2,0.3,28.33,0.14,0.09,5.76,35.4,8.83,90.55,21.79,26.55,4.71,19.7,52.99,12.1,4,-1.12091969930847,0.0544540913122265,-1.00594701813476,2.615662650602411,0.02828329297820814,10,0,0,68.0181818181818,0,0.6545454545454659,4.690909090909068,1.327272727272733,0.6727272727272671,0,14.309090909090932,0.830363636363636
6402.6,3.04,11.07,1.79,0.12,2.05,3.2,0.3,28.33,0.14,0.09,5.76,35.4,8.83,90.55,21.79,26.55,4.71,19.7,52.99,12.1,4,-1.12091969930847,0.0544540913122265,-1.00594701813476,2.612771084337349,0.028472154963680427,10,0,0,68.12045454545459,0,0.5863636363636078,4.827272727272785,1.2931818181818038,0.7068181818181961,0,14.172727272727215,0.8324090909090918
6403,1.78,7.13,1.29,0.06,0.54,0.61,0.3,35.71,0.16,0.09,1.5,10,8.83,109.11,31.56,14.47,27.2,31.24,29.82,5,4,-1.66367953720599,-0.0078679928295769409,0.13634495047597,2.610843373493977,0.028598062953995092,10,0,0,68.18863636363635,0,0.5409090909091046,4.918181818181791,1.2704545454545522,0.7295454545454477,0,14.081818181818209,0.8337727272727269
6403.6,1.78,7.13,1.29,0.06,0.54,0.61,0.3,35.71,0.16,0.09,1.5,10,8.83,109.11,31.56,14.47,27.2,31.24,29.82,5,4,-1.66367953720599,-0.0078679928295769409,0.13634495047597,2.6079518072289147,0.028786924939467377,10,0,0,68.29090909090912,0,0.47272727272724646,5.054545454545507,1.2363636363636232,0.7636363636363768,0,13.945454545454492,0.8358181818181826
6404,2.7,9.89,1.61,1.02,0.73,0.75,0.98,30.38,0.15,0.02,1.5,10,8.83,98.86,23.43,15.3,24.39,42.97,40.57,5,4,-1.13412541389694,-0.208381380384527,0.563727137767446,2.6060240963855428,0.028912832929782042,10,0,0,68.35909090909088,0,0.42727272727274324,5.1454545454545135,1.2136363636363716,0.7863636363636284,0,13.854545454545487,0.8371818181818177
6404.6,2.7,9.89,1.61,1.02,0.73,0.75,0.98,30.38,0.15,0.02,1.5,10,8.83,98.86,23.43,15.3,24.39,42.97,40.57,5,4,-1.13412541389694,-0.208381380384527,0.563727137767446,2.6031325301204804,0.029101694915254328,10,0,0,68.46136363636367,0,0.35909090909088515,5.281818181818229,1.1795454545454427,0.8204545454545574,0,13.71818181818177,0.8392272727272734
6405,0.93,4.62,0.65,0.03,0.4,0.41,0.98,39.36,0.18,0.07,4.82,10,8.83,90.88,21.17,19.29,20.49,17.67,21.06,5,4,-1.97342488789461,-0.140033717773636,-0.0293096066330396,2.6012048192771084,0.029227602905568997,10,0,0,68.52954545454543,0,0.3136363636363819,5.372727272727236,1.156818181818191,0.843181818181809,0,13.627272727272764,0.8405909090909085
6405.6,0.93,4.62,0.65,0.03,0.4,0.41,0.98,39.36,0.18,0.07,4.82,10,8.83,90.88,21.17,19.29,20.49,17.67,21.06,5,4,-1.97342488789461,-0.140033717773636,-0.0293096066330396,2.5983132530120465,0.02941646489104128,10,0,0,68.63181818181822,0,0.24545454545452383,5.509090909090952,1.122727272727262,0.8772727272727381,0,13.490909090909048,0.8426363636363643
6406,3.08,9.75,0.9,1.37,0.465,0.96,0.7,29.14,0.16,0.11,1.5,10,8.83,96.87,26.45,21.65,22.1,44.51,52.12,9.19,4,-1.31748836504361,-0.425754129828902,0.403885230229697,2.5963855421686746,0.029542372881355947,10,0,0,68.69999999999997,0,0.2000000000000206,5.599999999999959,1.1000000000000103,0.8999999999999897,0,13.400000000000041,0.8439999999999994
6406.6,3.08,9.75,0.9,1.37,0.465,0.96,0.7,29.14,0.16,0.11,1.5,10,8.83,96.87,26.45,21.65,22.1,44.51,52.12,9.19,4,-1.31748836504361,-0.425754129828902,0.403885230229697,2.593493975903612,0.02973123486682823,10,0,0,68.80227272727275,0,0.13181818181816252,5.736363636363675,1.0659090909090811,0.9340909090909187,0,13.263636363636325,0.8460454545454551
6407,2.2,8.85,1.42,0.07,0.53,0.6,0.3,33.33,0.16,0.14,1.5,25.71,8.83,79.82,29.04,15.06,23.71,35.47,35.47,7.09,4,-1.47477958202912,0.0654427341345815,0.198397221451286,2.5915662650602402,0.029857142857142898,10,0,0,68.8704545454545,0,0.08636363636365929,5.827272727272682,1.0431818181818295,0.9568181818181704,0,13.172727272727318,0.8474090909090902
6407.6,2.2,8.85,1.42,0.07,0.53,0.6,0.3,33.33,0.16,0.14,1.5,25.71,8.83,79.82,29.04,15.06,23.71,35.47,35.47,7.09,4,-1.47477958202912,0.0654427341345815,0.198397221451286,2.588674698795178,0.030046004842615184,10,0,0,68.9727272727273,0,0.0181818181818012,5.963636363636398,1.0090909090909006,0.9909090909090994,0,13.036363636363603,0.8494545454545459
6408,2.64,9.38,1.66,0.09,0.76,0.89,1.15,31.79,0.15,0.28,1.5,10,8.83,97.58,24.34,15.89,29.76,41.34,49.85,6.56,4,-1.30062876750831,0.00446050461240735,0.0551284422284967,2.5867469879518064,0.03017191283292985,9.8813056379823,0,0,69.26112759643894,0,0,5.97626112759646,1.0237388724035401,1.04747774480708,0,12.78635014836814,0.8514243323442123
6408.6,2.64,9.38,1.66,0.09,0.76,0.89,1.15,31.79,0.15,0.28,1.5,10,8.83,97.58,24.34,15.89,29.76,41.34,49.85,6.56,4,-1.30062876750831,0.00446050461240735,0.0551284422284967,2.583855421686744,0.030360774818402134,9.5845697329376,0,0,69.91394658753728,0,0,5.9169139465875205,1.08308605341248,1.16617210682496,0,12.25222551928768,0.8549851632047488
6409,2.5,10.75,0.83,0.001,0.7,0.94,0.3,30.68,0.16,0.25,1.5,10,8.83,90.15,7.5,19.9,21.78,15.67,45.16,5,4,-1.56398136003788,0.119853345377562,0.184947282599602,2.581927710843372,0.0304866828087168,9.386745796241433,0,0,70.34915924826885,0,0,5.877349159248286,1.1226508407517133,1.2453016815034266,0,11.89614243323458,0.8573590504451027
6409.6,2.5,10.75,0.83,0.001,0.7,0.94,0.3,30.68,0.16,0.25,1.5,10,8.83,90.15,7.5,19.9,21.78,15.67,45.16,5,4,-1.56398136003788,0.119853345377562,0.184947282599602,2.6552112676059036,0.0312679720279739,9.090009891196733,0,0,71.00197823936719,0,0,5.818001978239347,1.1819980217606534,1.3639960435213068,0,11.36201780415412,0.8609198813056392
6410,2.54,9.86,0.74,0.86,0.72,0.99,0.73,31.23,0.15,0.1,1.5,10,8.83,67.48,34.47,18.89,19.31,14.71,32.68,8.79,4,-1.49507621004019,-0.148511852822212,0.151198382457891,2.805633802817027,0.032381258741259515,8.892185954500567,0,0,71.43719090009876,0,0,5.778437190900114,1.2215628090998867,1.4431256181997734,0,11.00593471810102,0.8632937685459932
6410.6,2.54,9.86,0.74,0.86,0.72,0.99,0.73,31.23,0.15,0.1,1.5,10,8.83,67.48,34.47,18.89,19.31,14.71,32.68,8.79,4,-1.49507621004019,-0.148511852822212,0.151198382457891,3.0312676056340533,0.03405118881119047,8.595450049455867,0,0,72.0900098911971,0,0,5.719090009891174,1.2809099901088268,1.5618199802176533,0,10.47181008902056,0.8668545994065295
6411,2.32,10.44,1.54,0.34,0.72,0.9,0.3,28.19,0.13,0.08,1.5,33.61,8.83,75.2,24.27,29.89,6.71,43.3,47.97,6.39,4,-0.96497464818749,-0.356024454975635,0.679525758823112,3.1816901408451765,0.03516447552447609,8.3976261127597,0,0,72.52522255192866,0,0,5.67952522255194,1.32047477744806,1.6409495548961202,0,10.11572700296746,0.8692284866468836
6411.6,2.32,10.44,1.54,0.34,0.72,0.9,0.3,28.19,0.13,0.08,1.5,33.61,8.83,75.2,24.27,29.89,6.71,43.3,47.97,6.39,4,-0.96497464818749,-0.356024454975635,0.679525758823112,3.4073239436622034,0.036834405594407045,8.100890207715,0,0,73.178041543027,0,0,5.620178041543,1.379821958457,1.759643916914,0,9.581602373887,0.87278931750742
6412,3.69,13.99,1.32,1.12,1.3,1.1,0.3,20.74,0.1,0.09,1.5,10,8.83,91.79,37.39,28.2,23.57,27.38,49.86,5,4,-0.920636959550384,-0.133565457730532,0.301783737823036,3.557746478873326,0.03794769230769266,7.903066271018833,0,0,73.61325420375857,0,0,5.580613254203767,1.4193867457962335,1.8387734915924667,0,9.2255192878339,0.875163204747774
6412.6,3.69,13.99,1.32,1.12,1.3,1.1,0.3,20.74,0.1,0.09,1.5,10,8.83,91.79,37.39,28.2,23.57,27.38,49.86,5,4,-0.920636959550384,-0.133565457730532,0.301783737823036,3.783380281690353,0.03961762237762361,7.6063303659741335,0,0,74.2660731948569,0,0,5.521266073194827,1.4787339268051733,1.9574678536103467,0,8.69139465875344,0.8787240356083104
6413,1.7,7.21,1.23,0.07,0.47,0.6,0.3,34.86,0.16,0.04,1.5,10,8.83,86.32,26.25,17.7,24.285,29.09,30.07,5,4,-1.5834033288894,0.138133415662075,0.261342502280876,3.9338028169014763,0.040730909090909234,7.408506429277967,0,0,74.70128585558848,0,0,5.481701285855594,1.5182987141444066,2.0365974282888133,0,8.335311572700341,0.8810979228486644
6413.6,1.7,7.21,1.23,0.07,0.47,0.6,0.3,34.86,0.16,0.04,1.5,10,8.83,86.32,26.25,17.7,24.285,29.09,30.07,5,4,-1.5834033288894,0.138133415662075,0.261342502280876,4.159436619718503,0.042400839160840184,7.1117705242332665,0,0,75.35410484668681,0,0,5.4223541048466535,1.5776458951533465,2.155291790306693,0,7.80118694361988,0.8846587537092008
6414,3.22,12.6,1.04,0.001,1.01,1.09,0.78,25.89,0.13,0.18,1.5,10,8.83,105.91,34.73,16.12,25,22.04,47.29,5,4,-1.24894113236763,-0.0900558276357688,0.0343244270762065,4.309859154929626,0.0435141258741258,6.9139465875371,0,0,75.78931750741837,0,0,5.38278931750742,1.61721068249258,2.23442136498516,0,7.44510385756678,0.8870326409495548
6414.6,3.22,12.6,1.04,0.001,1.01,1.09,0.78,25.89,0.13,0.18,1.5,10,8.83,105.91,34.73,16.12,25,22.04,47.29,5,4,-1.24894113236763,-0.0900558276357688,0.0343244270762065,4.535492957746652,0.04518405594405676,6.6172106824924,0,0,76.44213649851672,0,0,5.32344213649848,1.67655786350152,2.35311572700304,0,6.91097922848632,0.8905934718100912
6415,3.49,16.67,1.11,0.001,1.27,1.4,1.36,22.22,0.11,0.27,1.5,10,8.83,106.81,31.6,44.51,26.54,21.55,77.12,9.89,4,-0.892344839486144,-0.183891370005999,-0.132766159432528,4.6859154929577755,0.04629734265734237,6.419386745796233,0,0,76.87734915924828,0,0,5.283877349159247,1.7161226508407532,2.4322453016815064,0,6.55489614243322,0.8929673590504452
6415.6,3.49,16.67,1.11,0.001,1.27,1.4,1.36,22.22,0.11,0.27,1.5,10,8.83,106.81,31.6,44.51,26.54,21.55,77.12,9.89,4,-0.892344839486144,-0.183891370005999,-0.132766159432528,4.911549295774803,0.04796727272727333,6.122650840751533,0,0,77.53016815034663,0,0,5.224530168150307,1.7754698318496933,2.5509396636993866,0,6.02077151335276,0.8965281899109816
6416,2.47,10.05,0.74,1.11,0.68,0.99,0.3,29.62,0.15,0.2,1.5,10,8.83,98.75,42.83,82.64,27.49,15.73,37.78,5,4,-1.57729286425472,-0.437610241192211,-0.0102280881070112,5.061971830985925,0.049080559440558946,5.924826904055367,0,0,77.96538081107819,0,0,5.184965380811073,1.8150346191889266,2.6300692383778532,0,5.6646884272996605,0.8989020771513356
6416.6,2.47,10.05,0.74,1.11,0.68,0.99,0.3,29.62,0.15,0.2,1.5,10,8.83,98.75,42.83,82.64,27.49,15.73,37.78,5,4,-1.57729286425472,-0.437610241192211,-0.0102280881070112,5.146999999999625,0.049627364864863466,5.628090999010667,0,0,78.61819980217653,0,0,5.125618199802133,1.8743818001978667,2.7487636003957334,0,5.1305637982192005,0.902462908011872
6417,2.11,8.46,1.21,0.07,0.58,0.91,0.96,33.59,0.18,0.43,4.46,24.93,8.83,91.68,51.02,40.51,24.19,31.45,47.45,7.34,4,-1.75155462969982,-0.52353476037883,-0.550245685165022,4.735,0.04574898648648866,5.4302670623145,0,0,79.0534124629081,0,0,5.0860534124629,1.9139465875371,2.8278931750742,0,4.774480712166099,0.904836795252226
6417.6,2.11,8.46,1.21,0.07,0.58,0.91,0.96,33.59,0.18,0.43,4.46,24.93,8.83,91.68,51.02,40.51,24.19,31.45,47.45,7.34,4,-1.75155462969982,-0.52353476037883,-0.550245685165022,4.116999999999625,0.03993141891891764,5.1335311572698,0,0,79.70623145400644,0,0,5.02670623145396,1.97329376854604,2.94658753709208,0,4.24035608308564,0.9083976261127624
6418,1.9,6.89,0.56,0.001,0.57,1.21,1.03,34.1,0.17,0.61,5.5,10,8.83,85.75,31.27,23.78,24.905,31.28,36.63,9.51,4,-2.07462432729913,-0.268848663438301,-0.920331016483273,3.705,0.036053040540542834,5.067407407407464,0,0.009629629629637714,79.8459259259258,0,0,5,2.0096296296296376,2.9903703703703624,0,4.08666666666674,0.9091333333333327
6418.6,1.9,6.89,0.56,0.001,0.57,1.21,1.03,34.1,0.17,0.61,5.5,10,8.83,85.75,31.27,23.78,24.905,31.28,36.63,9.51,4,-2.07462432729913,-0.268848663438301,-0.920331016483273,3.0869999999996254,0.030235472972971814,5.378518518518764,0,0.05407407407410911,79.13481481481425,0,0,5,2.054074074074109,2.945925925925891,0,4.486666666666982,0.9051333333333302
6419,2.14,7.9,0.66,0.001,0.56,0.9,1.17,35.12,0.18,0.61,1.5,10,8.83,89.22,40.54,19.53,25.2625,32.23,35.48,5,4,-1.91541126851598,-0.49290677878962,-0.25642654866994,2.675,0.026357094594597008,5.585925925925983,0,0.08370370370371179,78.66074074074061,0,0,5,2.0837037037037116,2.9162962962962884,0,4.753333333333406,0.902466666666666
6419.6,2.14,7.9,0.66,0.001,0.56,0.9,1.17,35.12,0.18,0.61,1.5,10,8.83,89.22,40.54,19.53,25.2625,32.23,35.48,5,4,-1.91541126851598,-0.49290677878962,-0.25642654866994,2.173277310924419,0.021912615643397915,5.897037037037283,0,0.12814814814818318,77.94962962962907,0,0,5,2.128148148148183,2.871851851851817,0,5.153333333333649,0.8984666666666635
6420,2.18,7.2,0.52,1.58,1.19,1.45,0.3,33.8,0.17,0.34,5.14,10,8.83,92.32,34.91,14.08,25.62,10.13,34.33,8.49,4,-2.09823840284751,-0.316987188195209,-0.720803133793893,2.226386554621851,0.022259125315390888,6.104444444444502,0,0.15777777777778587,77.47555555555543,0,0,5,2.157777777777786,2.842222222222214,0,5.420000000000073,0.8957999999999993
6420.6,2.18,7.2,0.52,1.58,1.19,1.45,0.3,33.8,0.17,0.34,5.14,10,8.83,92.32,34.91,14.08,25.62,10.13,34.33,8.49,4,-2.09823840284751,-0.316987188195209,-0.720803133793893,2.3060504201681202,0.022778889823381134,6.415555555555801,0,0.20222222222225725,76.76444444444388,0,0,5,2.2022222222222574,2.7977777777777426,0,5.820000000000315,0.8917999999999968
6421,2.7,10.64,0.96,0.001,0.67,1.05,0.7,29.37,0.14,0.39,1.5,10,8.83,96.02,34.74,13.77,29.72,18.99,34.93,5,4,-1.64075955853562,-0.019289807017591,-0.248999670631106,2.3591596638655523,0.023125399495374108,6.62296296296302,0,0.23185185185185994,76.29037037037024,0,0,5,2.23185185185186,2.76814814814814,0,6.086666666666739,0.8891333333333327
6421.6,2.7,10.64,0.96,0.001,0.67,1.05,0.7,29.37,0.14,0.39,1.5,10,8.83,96.02,34.74,13.77,29.72,18.99,34.93,5,4,-1.64075955853562,-0.019289807017591,-0.248999670631106,2.4388235294118217,0.023645164003364357,6.934074074074319,0,0.27629629629633135,75.57925925925869,0,0,5,2.2762962962963313,2.7237037037036687,0,6.4866666666669826,0.8851333333333302
6422,2.53,8.59,1.32,1.82,0.6,0.96,0.3,31.45,0.17,0.22,1.5,10,8.83,79.44,27.25,16.6,26.16,37.69,37.64,5,4,-1.54075515490592,-0.261605581349433,0.320709563014278,2.491932773109254,0.02399167367535733,7.141481481481538,0,0.305925925925934,75.10518518518505,0,0,5,2.305925925925934,2.694074074074066,0,6.753333333333406,0.882466666666666
6422.6,2.53,8.59,1.32,1.82,0.6,0.96,0.3,31.45,0.17,0.22,1.5,10,8.83,79.44,27.25,16.6,26.16,37.69,37.64,5,4,-1.54075515490592,-0.261605581349433,0.320709563014278,2.571596638655523,0.024511438183347577,7.452592592592838,0,0.3503703703704054,74.39407407407352,0,0,5,2.3503703703704053,2.6496296296295947,0,7.153333333333649,0.8784666666666635
6423,2.95,12.15,0.92,0.001,0.67,1.02,0.3,28.64,0.14,0.26,1.5,10,8.83,97.44,25.78,29.44,25.02,19.91,39.18,5,4,-1.47842846573185,0.0247975930221495,-0.00819095567388016,2.6247058823529557,0.02485794785534055,7.660000000000057,0,0.3800000000000081,73.91999999999987,0,0,5,2.380000000000008,2.619999999999992,0,7.420000000000073,0.8757999999999992
6423.6,2.95,12.15,0.92,0.001,0.67,1.02,0.3,28.64,0.14,0.26,1.5,10,8.83,97.44,25.78,29.44,25.02,19.91,39.18,5,4,-1.47842846573185,0.0247975930221495,-0.00819095567388016,2.704369747899225,0.0253777123633308,7.971111111111356,0,0.4244444444444795,73.20888888888832,0,0,5,2.4244444444444797,2.5755555555555203,0,7.820000000000316,0.8717999999999968
6424,2.02,8.18,1.35,0.08,0.75,1.18,0.3,32.88,0.17,0.36,5,10,8.83,98.64,21.79,18.04,35.9,37.04,34.37,5,4,-1.87810623656616,0.323950376345436,-0.749252071199303,2.757478991596657,0.02572422203532377,8.178518518518576,0,0.4540740740740822,72.73481481481468,0,0,5,2.4540740740740823,2.5459259259259177,0,8.08666666666674,0.8691333333333326
6424.6,2.02,8.18,1.35,0.08,0.75,1.18,0.3,32.88,0.17,0.36,5,10,8.83,98.64,21.79,18.04,35.9,37.04,34.37,5,4,-1.87810623656616,0.323950376345436,-0.749252071199303,2.8371428571429265,0.02624398654331402,8.489629629629874,0,0.49851851851855356,72.02370370370315,0,0,5,2.4985185185185537,2.5014814814814463,0,8.48666666666698,0.8651333333333302
6425,2.94,11.93,0.96,0.001,1.14,1.47,0.3,29.16,0.15,0.39,1.5,10,8.83,95.26,7.5,14.55,37.115,46.46,48.97,5,4,-1.50745925733768,0.506922600099101,-0.338604644295405,2.8902521008403586,0.026590496215306993,8.697037037037093,0,0.5281481481481562,71.5496296296295,0,0,5,2.5281481481481562,2.4718518518518438,0,8.753333333333407,0.8624666666666659
6425.6,2.94,11.93,0.96,0.001,1.14,1.47,0.3,29.16,0.15,0.39,1.5,10,8.83,95.26,7.5,14.55,37.115,46.46,48.97,5,4,-1.50745925733768,0.506922600099101,-0.338604644295405,2.969915966386628,0.02711026072329724,9.008148148148393,0,0.5725925925926276,70.83851851851796,0,0,5,2.5725925925926276,2.4274074074073724,0,9.153333333333649,0.8584666666666635
6426,0.5,3.32,0.17,0.001,0.45,0.73,0.3,41.06,0.22,0.37,1.5,10,8.83,72.62,7.5,15.8,37.7225,13.27,12.72,5,4,-2.55536788826117,0.483851062974032,-0.408609692260708,3.02302521008406,0.027456770395290216,9.215555555555612,0,0.6022222222222303,70.36444444444432,0,0,5,2.60222222222223,2.39777777777777,0,9.420000000000073,0.8557999999999992
6426.6,0.5,3.32,0.17,0.001,0.45,0.73,0.3,41.06,0.22,0.37,1.5,10,8.83,72.62,7.5,15.8,37.7225,13.27,12.72,5,4,-2.55536788826117,0.483851062974032,-0.408609692260708,3.1026890756303294,0.02797653490328046,9.526666666666912,0,0.6466666666667017,69.65333333333277,0,0,5,2.6466666666667016,2.3533333333332984,0,9.820000000000316,0.8517999999999968
6427,1.05,4.81,0.28,0.001,1.02,1.17,0.93,39.42,0.22,1.02,1.5,10,8.83,84.22,35,14.59,38.33,16.92,26.03,5,4,-2.71233036024467,-0.240612620711182,-1.06770131126388,3.155798319327762,0.028323044575273435,9.73407407407413,0,0.6762962962963044,69.17925925925913,0,0,5,2.6762962962963046,2.3237037037036954,0,10.08666666666674,0.8491333333333326
6427.6,1.05,4.81,0.28,0.001,1.02,1.17,0.93,39.42,0.22,1.02,1.5,10,8.83,84.22,35,14.59,38.33,16.92,26.03,5,4,-2.71233036024467,-0.240612620711182,-1.06770131126388,3.235462184874031,0.028842809083263685,10.045185185185431,0,0.7207407407407758,68.46814814814759,0,0,5,2.7207407407407755,2.2792592592592245,0,10.48666666666698,0.8451333333333302
6428,2.26,7.93,1.29,0.29,1.07,1.3,1.09,33.96,0.18,0.4,1.5,10,8.83,106.15,7.5,25.35,35.27,31.79,39.73,7.84,4,-1.69375989810239,0.149529806078934,-0.338130798133752,3.2885714285714633,0.029189318755256655,10.252592592592649,0,0.7503703703703785,67.99407407407395,0,0,5,2.7503703703703786,2.2496296296296214,0,10.753333333333405,0.8424666666666659
6428.6,2.26,7.93,1.29,0.29,1.07,1.3,1.09,33.96,0.18,0.4,1.5,10,8.83,106.15,7.5,25.35,35.27,31.79,39.73,7.84,4,-1.69375989810239,0.149529806078934,-0.338130798133752,3.3682352941177323,0.029709083263246904,10.563703703703949,0,0.7948148148148498,67.2829629629624,0,0,5,2.79481481481485,2.20518518518515,0,11.153333333333649,0.8384666666666635
6429,1.69,7.05,0.44,0.001,0.59,0.98,0.3,36.18,0.2,0.35,1.5,10,8.83,98.32,7.5,7.5,33.585,27.55,30.1,5,4,-2.12684485085382,0.266587745036956,-0.23306215129095,3.421344537815165,0.030055592935239878,10.771111111111168,0,0.8244444444444525,66.80888888888876,0,0,5,2.8244444444444525,2.1755555555555475,0,11.420000000000073,0.8357999999999992
6429.6,1.69,7.05,0.44,0.001,0.59,0.98,0.3,36.18,0.2,0.35,1.5,10,8.83,98.32,7.5,7.5,33.585,27.55,30.1,5,4,-2.12684485085382,0.266587745036956,-0.23306215129095,3.5010084033614337,0.030575357443230124,11.082222222222468,0,0.8688888888889239,66.09777777777722,0,0,5,2.868888888888924,2.131111111111076,0,11.820000000000315,0.8317999999999968
6430,2.17,9.36,1.36,0.38,0.69,1.14,0.82,31.53,0.18,0.38,1.5,10,8.83,90.38,7.5,20.04,31.9,37.22,46.18,7.22,4,-1.58640958379737,0.154923030035812,-0.0934598530965878,3.5541176470588662,0.0309218671152231,11.289629629629687,0,0.8985185185185266,65.62370370370357,0,0,5,2.8985185185185265,2.1014814814814735,0,12.086666666666739,0.8291333333333326
6430.6,2.17,9.36,1.36,0.38,0.69,1.14,0.82,31.53,0.18,0.38,1.5,10,8.83,90.38,7.5,20.04,31.9,37.22,46.18,7.22,4,-1.58640958379737,0.154923030035812,-0.0934598530965878,3.6337815126051356,0.03144163162321335,11.600740740740985,0,0.942962962962998,64.91259259259203,0,0,5,2.942962962962998,2.057037037037002,0,12.486666666666983,0.8251333333333302
6431,2.88,12.06,0.82,0.001,1.02,1.23,0.9,30.4,0.16,0.41,1.5,10,8.83,79.64,7.5,28.24,28.37,16.62,48.35,5,4,-1.5265319306279,0.213774227421978,-0.126576323725884,3.686890756302568,0.031788141295206324,11.808148148148206,0,0.9725925925926007,64.43851851851839,0,0,5,2.9725925925926004,2.0274074074073996,0,12.753333333333407,0.8224666666666659
6431.6,2.88,12.06,0.82,0.001,1.02,1.23,0.9,30.4,0.16,0.41,1.5,10,8.83,79.64,7.5,28.24,28.37,16.62,48.35,5,4,-1.5265319306279,0.213774227421978,-0.126576323725884,3.724999999999949,0.033411801242239324,12.0325318246111,0.03253182461110076,1.1951909476666045,63.67468175388899,0,0,4.934936350777798,3,2,0,13.130127298444403,0.8183734087694449
6432,2.26,10.12,0.71,0.001,0.75,1.31,0.3,31.74,0.19,0.39,1.5,10,8.83,91.54,30.7,7.5,32.78,15.04,44.55,5,4,-1.9500373949778,0.152989504223826,-0.464199894944404,3.694999999999983,0.03559813664596326,12.089108910891108,0.08910891089110821,1.5346534653466493,63.10891089108892,0,0,4.821782178217783,3,2,0,13.356435643564433,0.8155445544554445
6432.6,2.26,10.12,0.71,0.001,0.75,1.31,0.3,31.74,0.19,0.39,1.5,10,8.83,91.54,30.7,7.5,32.78,15.04,44.55,5,4,-1.9500373949778,0.152989504223826,-0.464199894944404,3.649999999999966,0.03887763975155412,12.173974540311248,0.17397454031124804,2.0438472418674882,62.26025459688752,0,0,4.652050919377504,3,2,0,13.695898161244992,0.8113012729844375
6433,3.17,13.31,1.78,0.12,1.12,1.39,1.42,27.42,0.15,0.43,1.5,39.46,8.83,97.35,34.35,13.06,26.07,19.39,63.87,7.4,4,-1.19058001013535,-0.310765282291093,-0.199420054385933,3.62,0.04089351851851857,12.230551626591255,0.23055162659125547,2.383309759547533,61.69448373408745,0,0,4.538896746817489,3,2,0,13.922206506365022,0.8084724186704372
6433.6,3.17,13.31,1.78,0.12,1.12,1.39,1.42,27.42,0.15,0.43,1.5,39.46,8.83,97.35,34.35,13.06,26.07,19.39,63.87,7.4,4,-1.19058001013535,-0.310765282291093,-0.199420054385933,3.7456250000000835,0.040763888888888856,12.315417256011395,0.3154172560113953,2.892503536068372,60.845827439886044,0,0,4.3691654879772095,3,2,0,14.261669024045581,0.8042291371994302
6434,1.91,8.03,0.53,1.29,0.67,1.11,0.3,33.8,0.2,0.23,1.5,10,8.83,89.24,31.37,19.28,27.73,11.38,36.1,5,4,-1.99589796992221,-0.26263506274177,-0.0422408525808335,3.829375000000012,0.04067746913580251,12.371994342291403,0.37199434229140277,3.2319660537484167,60.28005657708597,0,0,4.256011315417195,3,2,0,14.48797736916561,0.8014002828854299
6434.6,1.91,8.03,0.53,1.29,0.67,1.11,0.3,33.8,0.2,0.23,1.5,10,8.83,89.24,31.37,19.28,27.73,11.38,36.1,5,4,-1.99589796992221,-0.26263506274177,-0.0422408525808335,3.955000000000095,0.04054783950617279,12.456859971711543,0.4568599717115426,3.7411598302692557,59.431400282884574,0,0,4.086280056576915,3,2,0,14.82743988684617,0.7971570014144228
6435,3.14,10.56,1.81,2.01,0.77,0.89,1.43,24.87,0.14,0.02,1.5,10,8.83,94.84,20.49,30.09,28.75,20.99,56.36,7.05,4,-0.969344028075741,-0.313816381230133,0.584693509782551,4.038750000000024,0.040461419753086446,12.51343705799155,0.51343705799155,4.0806223479493005,58.8656294200845,0,0,3.9731258840169,3,2,0,15.0537482319662,0.7943281471004224
6435.6,3.14,10.56,1.81,2.01,0.77,0.89,1.43,24.87,0.14,0.02,1.5,10,8.83,94.84,20.49,30.09,28.75,20.99,56.36,7.05,4,-0.969344028075741,-0.313816381230133,0.584693509782551,4.164375000000107,0.04033179012345673,12.59830268741169,0.5983026874116898,4.589816124470139,58.016973125883105,0,0,3.8033946251766206,3,2,0,15.393210749646759,0.7900848656294155
6436,2.01,8.97,0.62,0.001,1.06,1.4,0.92,33.44,0.17,0.49,1.5,10,8.83,106.44,32.1,27.63,31.665,12.66,34.62,5,4,-1.94842264054562,-0.14847625958491,-0.567845642252372,4.2481250000000355,0.04024537037037038,12.654879773691697,0.6548797736916973,4.929278642150184,57.451202263083026,0,0,3.6902404526166057,3,2,0,15.619519094766789,0.7872560113154151
6436.6,2.01,8.97,0.62,0.001,1.06,1.4,0.92,33.44,0.17,0.49,1.5,10,8.83,106.44,32.1,27.63,31.665,12.66,34.62,5,4,-1.94842264054562,-0.14847625958491,-0.567845642252372,4.382631578947491,0.04100443864229834,12.739745403111836,0.7397454031118371,5.438472418671022,56.60254596888163,0,0,3.5205091937763258,3,2,0,15.95898161244735,0.7830127298444082
6437,3.79,13.85,1.2,0.001,1.77,2.1,2.01,24.63,0.12,0.42,1.5,10,8.83,100.88,32.61,34.43,33.1225,22.66,46.19,10.58,4,-1.12189796468823,0.0400586099647861,-0.777263385557324,4.47526315789477,0.04182950391644904,12.796322489391844,0.7963224893918446,5.777934936351068,56.036775106081556,0,0,3.407355021216311,3,2,0,16.185289957567377,0.7801838755304078
6437.6,3.79,13.85,1.2,0.001,1.77,2.1,2.01,24.63,0.12,0.42,1.5,10,8.83,100.88,32.61,34.43,33.1225,22.66,46.19,10.58,4,-1.12189796468823,0.0400586099647861,-0.777263385557324,4.6142105263159,0.04306710182767697,12.881188118811984,0.8811881188119843,6.2871287128719064,55.18811881188016,0,0,3.2376237623760313,3,2,0,16.524752475247936,0.7759405940594007
6438,2.4,9.58,0.61,1.24,0.59,0.94,0.3,31.69,0.16,0.28,1.5,10,8.83,97.39,28.12,22.55,34.58,13.12,37.44,5,4,-1.8667465174892,-0.0998586053826628,-0.0777810050440319,4.70684210526318,0.04389216710182767,12.937765205091992,0.9377652050919918,6.62659123055195,54.62234794908008,0,0,3.1244695898160164,3,2,0,16.751060820367968,0.7731117397454004
6438.6,2.4,9.58,0.61,1.24,0.59,0.94,0.3,31.69,0.16,0.28,1.5,10,8.83,97.39,28.12,22.55,34.58,13.12,37.44,5,4,-1.8667465174892,-0.0998586053826628,-0.0777810050440319,4.84578947368431,0.0451297650130556,13.073903002309807,0.9630484988450962,6.741339491915674,54.443418013858846,0,0,3.147806004619615,2.9260969976901925,2,0,16.70438799076077,0.7740646651270394
6439,2.62,14.41,0.8,0.001,0.51,0.74,0.3,25.9,0.12,0.24,1.5,10,8.83,92.04,31.9,55.37,19.65,18.19,33.72,5,4,-1.32188129459832,-0.211790351018461,0.203940938762685,4.93842105263159,0.045954830287206296,13.258660508083276,0.8706697459583621,6.094688221708535,55.55196304849965,0,0,3.5173210161665516,2.741339491916724,2,0,15.965357967666897,0.7842263279445801
6439.6,2.62,14.41,0.8,0.001,0.51,0.74,0.3,25.9,0.12,0.24,1.5,10,8.83,92.04,31.9,55.37,19.65,18.19,33.72,5,4,-1.32188129459832,-0.211790351018461,0.203940938762685,5.077368421052721,0.04719242819843423,13.535796766743898,0.7321016166280508,5.124711316396356,57.21478060046339,0,0,4.071593533487796,2.464203233256102,2,0,14.856812933024408,0.7994688221709144
6440,1.74,9.74,0.48,0.86,0.48,0.75,0.3,33.88,0.17,0.42,1.5,10,8.83,85.84,7.5,42.95,39.67,10.02,30.88,5,4,-2.058992521489,0.218037043614,-0.186257721918643,5.17,0.048017493472584924,13.720554272517367,0.6397228637413167,4.478060046189217,58.3233256351042,0,0,4.441108545034734,2.279445727482633,2,0,14.117782909930533,0.8096304849884551
6440.6,1.74,9.74,0.48,0.86,0.48,0.75,0.3,33.88,0.17,0.42,1.5,10,8.83,85.84,7.5,42.95,39.67,10.02,30.88,5,4,-2.058992521489,0.218037043614,-0.186257721918643,4.856451612903072,0.04665424836601222,13.99769053117799,0.5011547344110054,3.5080831408770377,59.98614318706794,0,0,4.995381062355978,2.002309468822011,2,0,13.009237875288044,0.8248729792147894
6441,0.61,5.92,0.13,0.001,0.49,1,0.3,40.6,0.22,0.74,1.5,10,8.83,104.85,29.28,27.65,33.755,10.48,1.5,5,4,-2.7898679653283,-0.243791136015008,-0.807174054006589,4.647419354838771,0.04562156862745121,14.182448036951458,0.4087759815242713,2.8614318706698993,61.09468822170874,0,0,5.364896073902915,1.8175519630485426,2,0,12.27020785219417,0.8350346420323301
6441.6,0.61,5.92,0.13,0.001,0.49,1,0.3,40.6,0.22,0.74,1.5,10,8.83,104.85,29.28,27.65,33.755,10.48,1.5,5,4,-2.7898679653283,-0.243791136015008,-0.807174054006589,4.333870967741843,0.04407254901960733,14.45958429561208,0.27020785219395993,1.8914549653577195,62.75750577367248,0,0,5.91916859122416,1.5404157043879199,2,0,11.16166281755168,0.8502771362586644
6442,1.65,7.68,0.15,1.66,0.29,0.43,0.82,36.37,0.16,0.02,1.5,10,8.83,90.08,7.5,7.5,30.7975,10.74,15.07,5,4,-1.92272135680964,-0.0801235083250223,0.500567763220639,4.124838709677542,0.04303986928104632,14.644341801385549,0.1778290993072258,1.2448036951505808,63.86605080831329,0,0,6.288683602771097,1.3556581986144516,2,0,10.422632794457806,0.8604387990762051
6442.6,1.65,7.68,0.15,1.66,0.29,0.43,0.82,36.37,0.16,0.02,1.5,10,8.83,90.08,7.5,7.5,30.7975,10.74,15.07,5,4,-1.92272135680964,-0.0801235083250223,0.500567763220639,3.8112903225806143,0.04149084967320245,14.921478060046171,0.03926096997691453,0.2748267898384018,65.52886836027703,0,0,6.842956120092342,1.078521939953829,2,0,9.314087759815315,0.8756812933025394
6443,1.51,11.63,0.88,0.05,0.49,0.82,0.3,32.62,0.12,0.17,1.5,10,8.83,89.1,7.5,16.72,27.84,24.47,33.82,6.16,4,-1.53960121140926,0.338909173442576,0.149919310929381,3.6022580645163127,0.04045816993464143,NA,NA,NA,NA,NA,NA,NA,NA,NA,NA,NA,NA
6443.6,1.51,11.63,0.88,0.05,0.49,0.82,0.3,32.62,0.12,0.17,1.5,10,8.83,89.1,7.5,16.72,27.84,24.47,33.82,6.16,4,-1.53960121140926,0.338909173442576,0.149919310929381,NA,NA,NA,NA,NA,NA,NA,NA,NA,NA,NA,NA,NA,NA
6444,1.59,8.25,0.03,2.29,0.2,0.27,0.93,37.94,0.13,0.02,1.5,10,8.83,72.32,7.5,7.5,25.38,5.01,16.52,5,4,-1.81856267162541,-0.275011171324332,0.796711416627622,NA,NA,NA,NA,NA,NA,NA,NA,NA,NA,NA,NA,NA,NA
6444.6,1.59,8.25,0.03,2.29,0.2,0.27,0.93,37.94,0.13,0.02,1.5,10,8.83,72.32,7.5,7.5,25.38,5.01,16.52,5,4,-1.81856267162541,-0.275011171324332,0.796711416627622,NA,NA,NA,NA,NA,NA,NA,NA,NA,NA,NA,NA,NA,NA
