"Depth","Al_wt%","Si_wt%","K_wt%","Ti_wt%","Fe_wt%","S_wt%","Mg_wt%","Ca_wt%","Sr_wt%","P_wt%","Mo_ppm","V_ppm","U_ppm","Ni_ppm","Cu_ppm","Zn_ppm","Th_ppm","Rb_ppm","Zr_ppm","Pb_ppm","Formation","chemofacies","Factor1","Factor2","Factor3"
6336,5.15,22.85,1.61,0.78,1.88,1.24,0.63,15.05,0.08,0.09,5.14,64.26,8.83000961303711,105.09,40.12,13.56,6.73,32.88,86.66,10.47,"Point Pleasant FM",2,-0.285654107541034,-0.731827414204841,0.222259608731085
6336.6,5.15,22.85,1.61,0.78,1.88,1.24,0.63,15.05,0.08,0.09,5.14,64.26,8.83000961303711,105.09,40.12,13.56,6.73,32.88,86.66,10.47,"Point Pleasant FM",2,-0.285654107541034,-0.731827414204841,0.222259608731085
6337,4.76,19.42,1.46,0.001,2.7,2.54,1.74,19.47,0.1,0.08,5.38,10,8.83000480651856,99.33,57.34,23.13,7.06,25.79,81.97,16.07,"Point Pleasant FM",2,-0.425129854108347,-0.432385297304708,-0.814870093918691
6337.6,4.76,19.42,1.46,0.001,2.7,2.54,1.74,19.47,0.1,0.08,5.38,10,8.83000480651856,99.33,57.34,23.13,7.06,25.79,81.97,16.07,"Point Pleasant FM",2,-0.425129854108347,-0.432385297304708,-0.814870093918691
6338,4.71,21.73,1.55,0.23,1.87,1.35,0.89,17.69,0.09,0.1,1.5,55.44,8.83000240325928,75.62,53.91,25.87,7.11,27.67,84.37,13.81,"Point Pleasant FM",2,-0.266307525859819,-0.549133299525854,0.258385531366627
6338.6,4.71,21.73,1.55,0.23,1.87,1.35,0.89,17.69,0.09,0.1,1.5,55.44,8.83000240325928,75.62,53.91,25.87,7.11,27.67,84.37,13.81,"Point Pleasant FM",2,-0.266307525859819,-0.549133299525854,0.258385531366627
6339,3.96,17.71,1.24,0.17,1.67,1.11,1.35,21.97,0.11,0.07,1.5,68.19,8.83000120162964,95.54,7.5,33.18,7.06,58.9,83.27,6.93,"Point Pleasant FM",2,-0.253520922723468,-0.590140884432721,0.930183032207382
6339.6,3.96,17.71,1.24,0.17,1.67,1.11,1.35,21.97,0.11,0.07,1.5,68.19,8.83000120162964,95.54,7.5,33.18,7.06,58.9,83.27,6.93,"Point Pleasant FM",2,-0.253520922723468,-0.590140884432721,0.930183032207382
6340,3.73,18.58,1.22,0.16,1.6,1.49,0.3,21.07,0.11,0.08,5.34,56.24,8.83000060081482,108,27.44,36.98,7.23,60.27,75.44,7.63,"Point Pleasant FM",2,-0.598314520180182,-0.543496613740825,0.0920877394358459
6340.6,3.73,18.58,1.22,0.16,1.6,1.49,0.3,21.07,0.11,0.08,5.34,56.24,8.83000060081482,108,27.44,36.98,7.23,60.27,75.44,7.63,"Point Pleasant FM",2,-0.598314520180182,-0.543496613740825,0.0920877394358459
6341,3.17,16.91,1.62,0.13,1.3,1.52,0.3,23.23,0.11,0.13,4.91,39.52,8.83000030040741,106.29,25.23,45.26,7.4,46.1,64.18,9.39,"Point Pleasant FM",4,-0.745889477955029,-0.434644513312283,-0.0224154630489966
6341.6,3.17,16.91,1.62,0.13,1.3,1.52,0.3,23.23,0.11,0.13,4.91,39.52,8.83000030040741,106.29,25.23,45.26,7.4,46.1,64.18,9.39,"Point Pleasant FM",4,-0.745889477955029,-0.434644513312283,-0.0224154630489966
6342,3.97,17.94,1.22,0.47,1.36,1.16,1.34,20.62,0.1,0.02,7.56,45.27,8.83000015020371,95.22,47.83,27.08,6.26,57.11,69.58,8.55,"Point Pleasant FM",2,-0.538848229227151,-0.818904757670678,-0.00505052873539191
6342.6,3.97,17.94,1.22,0.47,1.36,1.16,1.34,20.62,0.1,0.02,7.56,45.27,8.83000015020371,95.22,47.83,27.08,6.26,57.11,69.58,8.55,"Point Pleasant FM",2,-0.538848229227151,-0.818904757670678,-0.00505052873539191
6343,3.75,19.07,1.22,0.17,1.99,1.75,1.37,19.47,0.1,0.12,5.03,60.93,8.83000007510185,113.42,37.55,34.91,6.415,23.9,74.85,13.15,"Point Pleasant FM",2,-0.59660694657305,-0.773436604623599,-0.241858116687218
6343.6,3.75,19.07,1.22,0.17,1.99,1.75,1.37,19.47,0.1,0.12,5.03,60.93,8.83000007510185,113.42,37.55,34.91,6.415,23.9,74.85,13.15,"Point Pleasant FM",2,-0.59660694657305,-0.773436604623599,-0.241858116687218
6344,2.14,9.21,0.86,1.2,1.45,1.46,1,32.49,0.17,0.05,6.21,10,8.83000003755093,108.25,37.8,13.28,6.4925,24.43,35.33,10.13,"Point Pleasant FM",4,-1.5409457720608,-0.805803008788426,-0.266490551409009
6344.6,2.14,9.21,0.86,1.2,1.45,1.46,1,32.49,0.17,0.05,6.21,10,8.83000003755093,108.25,37.8,13.28,6.4925,24.43,35.33,10.13,"Point Pleasant FM",4,-1.5409457720608,-0.805803008788426,-0.266490551409009
6345,3.5,18.06,1.08,0.15,1.62,1.58,0.77,23.07,0.13,0.09,5.89,31.48,8.83000001877546,112.99,44.68,52.65,6.53125,49.95,70.95,10.13,"Point Pleasant FM",2,-0.76841064699759,-0.769596476899477,-0.231525081327869
6345.6,3.5,18.06,1.08,0.15,1.62,1.58,0.77,23.07,0.13,0.09,5.89,31.48,8.83000001877546,112.99,44.68,52.65,6.53125,49.95,70.95,10.13,"Point Pleasant FM",2,-0.76841064699759,-0.769596476899477,-0.231525081327869
6346,3.58,16.94,1.13,0.001,1.44,1.5,0.3,23.76,0.12,0.16,10.12,10,8.83000000938773,107.94,47.08,62.7,6.57,20.81,54.96,8.41,"Point Pleasant FM",4,-1.17055480967329,-0.519016282609155,-0.894674734438792
6346.6,3.58,16.94,1.13,0.001,1.44,1.5,0.3,23.76,0.12,0.16,10.12,10,8.83000000938773,107.94,47.08,62.7,6.57,20.81,54.96,8.41,"Point Pleasant FM",4,-1.17055480967329,-0.519016282609155,-0.894674734438792
6347,2.87,18.29,1.64,0.2,1.11,0.93,0.3,22.78,0.12,0.12,4.37,57.54,8.83000000469386,99.55,33.08,31.03,6.64,49.14,75.49,6.93,"Point Pleasant FM",4,-0.681831285330841,-0.675792281034816,0.403468662846766
6347.6,2.87,18.29,1.64,0.2,1.11,0.93,0.3,22.78,0.12,0.12,4.37,57.54,8.83000000469386,99.55,33.08,31.03,6.64,49.14,75.49,6.93,"Point Pleasant FM",4,-0.681831285330841,-0.675792281034816,0.403468662846766
6348,3.79,18.66,1.25,0.17,1.61,1.26,1.45,20.09,0.1,0.13,5.37,49.53,8.83000000234693,96.4,42.48,61.46,7.82,26.44,80.34,12.13,"Point Pleasant FM",2,-0.545996078595777,-0.783383243447524,-0.0900382164348317
6348.6,3.79,18.66,1.25,0.17,1.61,1.26,1.45,20.09,0.1,0.13,5.37,49.53,8.83000000234693,96.4,42.48,61.46,7.82,26.44,80.34,12.13,"Point Pleasant FM",2,-0.545996078595777,-0.783383243447524,-0.0900382164348317
6349,3.03,17.65,1.58,0.15,1.27,1.18,1.41,23.92,0.12,0.13,5.44,37.01,8.83000000117347,107.22,34.08,35.52,7.515,46.45,65.46,7.85,"Point Pleasant FM",2,-0.66653909122922,-0.770293888456088,0.13542462414203
6349.6,3.03,17.65,1.58,0.15,1.27,1.18,1.41,23.92,0.12,0.13,5.44,37.01,8.83000000117347,107.22,34.08,35.52,7.515,46.45,65.46,7.85,"Point Pleasant FM",2,-0.66653909122922,-0.770293888456088,0.13542462414203
6350,3.2,20.21,1.02,0.001,1.43,1.24,0.87,21.97,0.1,0.07,4.74,10,8.83000000058673,103.11,37.02,46.77,7.21,20.61,53.77,14.28,"Point Pleasant FM",4,-0.807089934892417,-0.452208488241184,-0.159023832325697
6350.6,3.2,20.21,1.02,0.001,1.43,1.24,0.87,21.97,0.1,0.07,4.74,10,8.83000000058673,103.11,37.02,46.77,7.21,20.61,53.77,14.28,"Point Pleasant FM",4,-0.807089934892417,-0.452208488241184,-0.159023832325697
6351,1.81,14.45,0.56,0.001,1.3,1.53,1.04,27.91,0.13,0.23,1.5,10,8.83000000029337,90.02,34.14,41.65,6.685,11.19,41.28,13.4,"Point Pleasant FM",4,-1.27627687677397,-0.529590381914531,-0.0958667428220772
6351.6,1.81,14.45,0.56,0.001,1.3,1.53,1.04,27.91,0.13,0.23,1.5,10,8.83000000029337,90.02,34.14,41.65,6.685,11.19,41.28,13.4,"Point Pleasant FM",4,-1.27627687677397,-0.529590381914531,-0.0958667428220772
6352,2.66,17.15,0.91,0.001,1.3,2.23,0.3,22.38,0.11,0.34,1.5,10,8.83000000014668,97.19,42.52,57.61,6.16,44.28,62.75,10.96,"Point Pleasant FM",4,-0.928404119232632,-0.573166094019073,-0.234795213023604
6352.6,2.66,17.15,0.91,0.001,1.3,2.23,0.3,22.38,0.11,0.34,1.5,10,8.83000000014668,97.19,42.52,57.61,6.16,44.28,62.75,10.96,"Point Pleasant FM",4,-0.928404119232632,-0.573166094019073,-0.234795213023604
6353,2.02,14.1,1.08,0.57,1,0.94,0.97,27.91,0.12,0.08,1.5,10,8.83000000007334,87.01,55.47,34.37,4.31,32.47,56.34,9.94,"Point Pleasant FM",4,-0.93960609113123,-0.895419112425686,0.493954403554468
6353.6,2.02,14.1,1.08,0.57,1,0.94,0.97,27.91,0.12,0.08,1.5,10,8.83000000007334,87.01,55.47,34.37,4.31,32.47,56.34,9.94,"Point Pleasant FM",4,-0.93960609113123,-0.895419112425686,0.493954403554468
6354,2.93,19.52,0.92,0.001,1.33,1.14,0.59,22.24,0.1,0.11,1.5,10,8.83000000003667,105.29,40.15,96.8,4.865,17.56,54.19,8.56,"Point Pleasant FM",4,-0.708568423121713,-0.73102919574201,0.372049221145079
6354.6,2.93,19.52,0.92,0.001,1.33,1.14,0.59,22.24,0.1,0.11,1.5,10,8.83000000003667,105.29,40.15,96.8,4.865,17.56,54.19,8.56,"Point Pleasant FM",4,-0.708568423121713,-0.73102919574201,0.372049221145079
6355,1.9,15.88,0.92,0.08,0.66,0.72,0.92,28,0.12,0.08,1.5,22.62,8.83000000001833,77.3,39.45,87.57,5.42,24.61,46.64,5,"Point Pleasant FM",4,-0.894979882239887,-0.744461034247368,0.671143231897107
6355.6,1.9,15.88,0.92,0.08,0.66,0.72,0.92,28,0.12,0.08,1.5,22.62,8.83000000001833,77.3,39.45,87.57,5.42,24.61,46.64,5,"Point Pleasant FM",4,-0.894979882239887,-0.744461034247368,0.671143231897107
6356,1.95,10.66,1.1,0.07,1.08,0.94,0.3,32.27,0.12,0.05,1.5,10,8.83000000000917,91.41,37.69,15.63,4.61,34.46,52.83,7.88,"Point Pleasant FM",4,-1.12587759742413,-0.460159494608824,0.496876139047788
6356.6,1.95,10.66,1.1,0.07,1.08,0.94,0.3,32.27,0.12,0.05,1.5,10,8.83000000000917,91.41,37.69,15.63,4.61,34.46,52.83,7.88,"Point Pleasant FM",4,-1.12587759742413,-0.460159494608824,0.496876139047788
6357,1.81,13.01,0.94,0.08,1.5,1.74,1.5,30.65,0.12,0.21,5.1,10,8.83000000000458,82.91,37.25,7.5,5.9,29.56,45.83,7.51,"Point Pleasant FM",4,-1.19802286766795,-0.502275520050714,-0.294605565787218
6357.6,1.81,13.01,0.94,0.08,1.5,1.74,1.5,30.65,0.12,0.21,5.1,10,8.83000000000458,82.91,37.25,7.5,5.9,29.56,45.83,7.51,"Point Pleasant FM",4,-1.19802286766795,-0.502275520050714,-0.294605565787218
6358,2.96,17.08,0.89,0.001,1.16,1.17,0.63,24.5,0.12,0.1,1.5,10,8.83000000000229,112.7,32.98,26.86,7.19,18.61,43.26,7.66,"Point Pleasant FM",4,-1.00480482950721,-0.535353769331966,0.363903845617592
6358.6,2.96,17.08,0.89,0.001,1.16,1.17,0.63,24.5,0.12,0.1,1.5,10,8.83000000000229,112.7,32.98,26.86,7.19,18.61,43.26,7.66,"Point Pleasant FM",4,-1.00480482950721,-0.535353769331966,0.363903845617592
6359,0.7,7.23,0.39,0.03,0.47,0.49,0.3,38.75,0.16,0.04,1.5,10,8.83000000000115,94.32,25.77,46.66,6.525,11.19,13.39,8.42,"Point Pleasant FM",4,-1.80188411105181,-0.488066835583156,0.425118646057996
6359.6,0.7,7.23,0.39,0.03,0.47,0.49,0.3,38.75,0.16,0.04,1.5,10,8.83000000000115,94.32,25.77,46.66,6.525,11.19,13.39,8.42,"Point Pleasant FM",4,-1.80188411105181,-0.488066835583156,0.425118646057996
6360,2.6,17.06,0.82,0.001,0.64,0.84,0.3,24.5,0.13,0.11,1.5,10,8.83000000000057,84.82,25,34.28,5.86,40.91,63.4,5,"Point Pleasant FM",4,-0.889846876370638,-0.443377345268199,0.766109113908422
6360.6,2.6,17.06,0.82,0.001,0.64,0.84,0.3,24.5,0.13,0.11,1.5,10,8.83000000000057,84.82,25,34.28,5.86,40.91,63.4,5,"Point Pleasant FM",4,-0.889846876370638,-0.443377345268199,0.766109113908422
6361,3.09,20.43,1.57,0.16,0.71,1.27,1.43,23.53,0.15,0.18,4.65,37.04,8.83000000000029,91.24,7.5,20.63,6.8,28.64,90.85,9.56,"Point Pleasant FM",4,-0.686993569409742,-0.531280405810174,0.367913043796862
6361.6,3.09,20.43,1.57,0.16,0.71,1.27,1.43,23.53,0.15,0.18,4.65,37.04,8.83000000000029,91.24,7.5,20.63,6.8,28.64,90.85,9.56,"Point Pleasant FM",4,-0.686993569409742,-0.531280405810174,0.367913043796862
6362,1.89,10.47,0.97,0.63,0.74,1.47,0.3,30.69,0.18,0.2,4.18,10,8.83000000000014,94.91,30.42,14.39,7.27,28.06,64.65,9.32,"Point Pleasant FM",4,-1.52822937366273,-0.583841563543707,-0.0629161559378156
6362.6,1.89,10.47,0.97,0.63,0.74,1.47,0.3,30.69,0.18,0.2,4.18,10,8.83000000000014,94.91,30.42,14.39,7.27,28.06,64.65,9.32,"Point Pleasant FM",4,-1.52822937366273,-0.583841563543707,-0.0629161559378156
6363,3.53,18.58,1.07,0.16,1.13,1.01,1.05,21.02,0.11,0.16,1.5,42.93,8.83000000000007,101.84,38.25,76.1,7.74,56.98,92.31,7.32,"Point Pleasant FM",2,-0.385228153350603,-0.968923173370665,0.71146178276591
6363.6,3.53,18.58,1.07,0.16,1.13,1.01,1.05,21.02,0.11,0.16,1.5,42.93,8.83000000000007,101.84,38.25,76.1,7.74,56.98,92.31,7.32,"Point Pleasant FM",2,-0.385228153350603,-0.968923173370665,0.71146178276591
6364,2.28,12.33,0.93,2.06,0.66,0.83,0.3,28.94,0.12,0.02,1.5,10,8.83000000000004,102.87,20.82,45.2,6.29,27.97,38.33,8.48,"Point Pleasant FM",4,-1.13087272815698,-0.894608573242917,0.920433982528463
6364.6,2.28,12.33,0.93,2.06,0.66,0.83,0.3,28.94,0.12,0.02,1.5,10,8.83000000000004,102.87,20.82,45.2,6.29,27.97,38.33,8.48,"Point Pleasant FM",4,-1.13087272815698,-0.894608573242917,0.920433982528463
6365,0.81,11.74,0.46,0.04,0.35,0.45,0.3,34.71,0.16,0.1,1.5,10,8.83000000000002,85.79,36.81,41.05,5.565,13.71,23.98,6.57,"Point Pleasant FM",4,-1.64080522919032,-0.628505636285139,0.514812341123084
6365.6,0.81,11.74,0.46,0.04,0.35,0.45,0.3,34.71,0.16,0.1,1.5,10,8.83000000000002,85.79,36.81,41.05,5.565,13.71,23.98,6.57,"Point Pleasant FM",4,-1.64080522919032,-0.628505636285139,0.514812341123084
6366,3.29,21.72,1.49,1.38,0.75,1.04,0.3,19.17,0.09,0.07,1.5,10,8.83000000000001,95.1,28.73,29.76,4.84,47.92,80.37,10.18,"Point Pleasant FM",2,-0.40120972943364,-0.75667644170318,0.965745616776675
6366.6,3.29,21.72,1.49,1.38,0.75,1.04,0.3,19.17,0.09,0.07,1.5,10,8.83000000000001,95.1,28.73,29.76,4.84,47.92,80.37,10.18,"Point Pleasant FM",2,-0.40120972943364,-0.75667644170318,0.965745616776675
6367,3.08,20.75,1.58,0.15,1.13,1.07,0.65,20.94,0.09,0.11,1.5,50.83,8.83000000000001,88.47,29.33,154.83,5.58,47.4,75.12,8.56,"Point Pleasant FM",2,-0.173122171943184,-0.820576364602868,0.676528043138154
6367.6,3.08,20.75,1.58,0.15,1.13,1.07,0.65,20.94,0.09,0.11,1.5,50.83,8.83000000000001,88.47,29.33,154.83,5.58,47.4,75.12,8.56,"Point Pleasant FM",2,-0.173122171943184,-0.820576364602868,0.676528043138154
6368,2.05,10.27,0.69,1.77,0.46,0.54,0.3,32.57,0.16,0.02,1.5,10,8.83,91.25,22.64,20.06,6.125,20.15,37.01,6.47,"Point Pleasant FM",4,-1.44194345735221,-0.824032533493165,0.969566157738429
6368.6,2.05,10.27,0.69,1.77,0.46,0.54,0.3,32.57,0.16,0.02,1.5,10,8.83,91.25,22.64,20.06,6.125,20.15,37.01,6.47,"Point Pleasant FM",4,-1.44194345735221,-0.824032533493165,0.969566157738429
6369,4.26,19.99,1.31,0.27,0.67,0.74,1.09,21.94,0.11,0.05,1.5,48.34,8.83,70.68,31.42,49.57,6.67,59.65,69.03,5,"Point Pleasant FM",2,-0.282610008376209,-0.644212139380354,1.03167874751294
6369.6,4.26,19.99,1.31,0.27,0.67,0.74,1.09,21.94,0.11,0.05,1.5,48.34,8.83,70.68,31.42,49.57,6.67,59.65,69.03,5,"Point Pleasant FM",2,-0.282610008376209,-0.644212139380354,1.03167874751294
6370,3.01,12.76,0.83,1.44,0.64,0.8,0.3,27.78,0.15,0.17,1.5,10,8.83,90.01,31.12,28.37,5.705,44.62,61.58,5,"Point Pleasant FM",4,-1.09809021072774,-0.922503076197143,0.907088571873806
6370.6,3.01,12.76,0.83,1.44,0.64,0.8,0.3,27.78,0.15,0.17,1.5,10,8.83,90.01,31.12,28.37,5.705,44.62,61.58,5,"Point Pleasant FM",4,-1.09809021072774,-0.922503076197143,0.907088571873806
6371,1.67,9.2,1.02,0.07,0.59,0.78,0.88,31.09,0.17,0.18,1.5,10,8.83,78.69,27.62,19.52,5.2225,30.69,44.43,5,"Point Pleasant FM",4,-1.33210813094295,-0.565738271034659,0.614085411071083
6371.6,1.67,9.2,1.02,0.07,0.59,0.78,0.88,31.09,0.17,0.18,1.5,10,8.83,78.69,27.62,19.52,5.2225,30.69,44.43,5,"Point Pleasant FM",4,-1.33210813094295,-0.565738271034659,0.614085411071083
6372,2.83,12.47,0.88,0.001,0.63,0.97,0.3,29.35,0.16,0.05,1.5,10,8.83,105.06,45.12,19.47,4.98125,42.72,48.89,5,"Point Pleasant FM",4,-1.17902010022415,-0.694261730248994,0.548893397819646
6372.6,2.83,12.47,0.88,0.001,0.63,0.97,0.3,29.35,0.16,0.05,1.5,10,8.83,105.06,45.12,19.47,4.98125,42.72,48.89,5,"Point Pleasant FM",4,-1.17902010022415,-0.694261730248994,0.548893397819646
6373,2.23,9.36,1.33,0.08,0.63,1.2,1.11,32.51,0.17,0.17,1.5,10,8.83,95.79,45.54,34.47,4.74,34.69,39.01,5,"Point Pleasant FM",4,-1.25222735622551,-0.825767824442927,0.3716399318366
6373.6,2.23,9.36,1.33,0.08,0.63,1.2,1.11,32.51,0.17,0.17,1.5,10,8.83,95.79,45.54,34.47,4.74,34.69,39.01,5,"Point Pleasant FM",4,-1.25222735622551,-0.825767824442927,0.3716399318366
6374,2.11,8.65,1.02,1.9,0.58,0.82,0.3,32.46,0.18,0.02,5.24,10,8.83,93.7,7.5,20.56,5.195,27.65,44.31,6.45,"Point Pleasant FM",4,-1.49448974015939,-0.699787468889258,0.592440851725426
6374.6,2.11,8.65,1.02,1.9,0.58,0.82,0.3,32.46,0.18,0.02,5.24,10,8.83,93.7,7.5,20.56,5.195,27.65,44.31,6.45,"Point Pleasant FM",4,-1.49448974015939,-0.699787468889258,0.592440851725426
6375,2.39,11.04,1.4,0.1,0.58,0.84,0.3,32.39,0.17,0.19,1.5,10,8.83,70.1,30.71,28.39,5.4225,34.89,54.35,5,"Point Pleasant FM",4,-1.21441853759315,-0.419070659315622,0.583737840561584
6375.6,2.39,11.04,1.4,0.1,0.58,0.84,0.3,32.39,0.17,0.19,1.5,10,8.83,70.1,30.71,28.39,5.4225,34.89,54.35,5,"Point Pleasant FM",4,-1.21441853759315,-0.419070659315622,0.583737840561584
6376,2.6,10.89,0.81,0.001,0.74,1.14,0.3,30.93,0.15,0.1,1.5,10,8.83,114,29.89,18.14,5.65,15.36,46.78,5,"Point Pleasant FM",4,-1.37779369441324,-0.564019260195346,0.422114404633374
6376.6,2.6,10.89,0.81,0.001,0.74,1.14,0.3,30.93,0.15,0.1,1.5,10,8.83,114,29.89,18.14,5.65,15.36,46.78,5,"Point Pleasant FM",4,-1.37779369441324,-0.564019260195346,0.422114404633374
6377,2.92,12.47,0.97,0.001,1.09,1.26,0.3,28.13,0.15,0.31,1.5,10,8.83,88.06,38.75,21.91,5.625,18.79,40.68,5,"Point Pleasant FM",4,-1.34040630027843,-0.519691681097953,0.180919504314894
6377.6,2.92,12.47,0.97,0.001,1.09,1.26,0.3,28.13,0.15,0.31,1.5,10,8.83,88.06,38.75,21.91,5.625,18.79,40.68,5,"Point Pleasant FM",4,-1.34040630027843,-0.519691681097953,0.180919504314894
6378,2.66,12.42,1.63,0.11,0.63,0.85,0.3,28.68,0.14,0.14,4.04,29.15,8.83,87.35,26.47,32.73,5.6,39.49,56.32,7.15,"Point Pleasant FM",4,-1.04313327428507,-0.457327612044674,0.356282072978967
6378.6,2.66,12.42,1.63,0.11,0.63,0.85,0.3,28.68,0.14,0.14,4.04,29.15,8.83,87.35,26.47,32.73,5.6,39.49,56.32,7.15,"Point Pleasant FM",4,-1.04313327428507,-0.457327612044674,0.356282072978967
6379,2.6,12.75,0.85,0.001,0.71,0.98,1.19,27.18,0.13,0.17,1.5,10,8.83,95.01,42.07,21.71,6.38,15.86,55.15,8.73,"Point Pleasant FM",4,-1.13326282217272,-0.711383104276667,0.376253674618212
6379.6,2.6,12.75,0.85,0.001,0.71,0.98,1.19,27.18,0.13,0.17,1.5,10,8.83,95.01,42.07,21.71,6.38,15.86,55.15,8.73,"Point Pleasant FM",4,-1.13326282217272,-0.711383104276667,0.376253674618212
6380,2.11,9.63,0.61,0.001,0.58,0.92,0.3,31.78,0.17,0.18,1.5,10,8.83,93.3,28.77,25.15,6.215,11.04,31.84,5,"Point Pleasant FM",4,-1.61676252305482,-0.500380866475229,0.36523821259134
6380.6,2.11,9.63,0.61,0.001,0.58,0.92,0.3,31.78,0.17,0.18,1.5,10,8.83,93.3,28.77,25.15,6.215,11.04,31.84,5,"Point Pleasant FM",4,-1.61676252305482,-0.500380866475229,0.36523821259134
6381,2.32,10.67,0.75,0.001,0.59,0.87,0.3,31.9,0.15,0.11,1.5,10,8.83,121.59,37.94,13.75,6.1325,12.51,31.14,8.36,"Point Pleasant FM",4,-1.54533215073565,-0.675380462880968,0.312813374302393
6381.6,2.32,10.67,0.75,0.001,0.59,0.87,0.3,31.9,0.15,0.11,1.5,10,8.83,121.59,37.94,13.75,6.1325,12.51,31.14,8.36,"Point Pleasant FM",4,-1.54533215073565,-0.675380462880968,0.312813374302393
6382,2.53,11.51,0.79,0.001,0.72,0.95,0.92,30.68,0.21,0.17,1.5,10,8.83,92.74,7.5,19.35,6.05,38.1,45.02,5,"Point Pleasant FM",4,-1.33036833627921,-0.483731853851156,0.663906149817181
6382.6,2.53,11.51,0.79,0.001,0.72,0.95,0.92,30.68,0.21,0.17,1.5,10,8.83,92.74,7.5,19.35,6.05,38.1,45.02,5,"Point Pleasant FM",4,-1.33036833627921,-0.483731853851156,0.663906149817181
6383,3.07,12.82,1.63,0.11,0.68,0.86,0.81,28.67,0.14,0.18,1.5,28.44,8.83,87.46,39.46,25.57,4.93,42.77,55.41,8.54,"Point Pleasant FM",4,-0.901395483715778,-0.692602420575436,0.563800342306388
6383.6,3.07,12.82,1.63,0.11,0.68,0.86,0.81,28.67,0.14,0.18,1.5,28.44,8.83,87.46,39.46,25.57,4.93,42.77,55.41,8.54,"Point Pleasant FM",4,-0.901395483715778,-0.692602420575436,0.563800342306388
6384,2.12,10.04,0.7,0.001,0.46,0.6,0.76,33.18,0.16,0.16,1.5,10,8.83,104.27,30.78,30.96,4.805,32.25,40.53,9.01,"Point Pleasant FM",4,-1.39845091836109,-0.769299986825089,0.548880315929565
6384.6,2.12,10.04,0.7,0.001,0.46,0.6,0.76,33.18,0.16,0.16,1.5,10,8.83,104.27,30.78,30.96,4.805,32.25,40.53,9.01,"Point Pleasant FM",4,-1.39845091836109,-0.769299986825089,0.548880315929565
6385,2.65,11.42,1.44,0.09,0.55,0.62,1.59,30.61,0.15,0.06,5.48,21.79,8.83,93.23,7.5,32.81,4.68,37.1,46.63,5,"Point Pleasant FM",4,-0.986851310078691,-0.556351389570639,0.570647244775421
6385.6,2.65,11.42,1.44,0.09,0.55,0.62,1.59,30.61,0.15,0.06,5.48,21.79,8.83,93.23,7.5,32.81,4.68,37.1,46.63,5,"Point Pleasant FM",4,-0.986851310078691,-0.556351389570639,0.570647244775421
6386,3.21,12.32,0.86,0.001,0.63,0.74,1.15,26.53,0.15,0.35,1.5,10,8.83,103.05,7.5,37.77,4.785,16.87,45.12,5,"Point Pleasant FM",4,-1.18851509450732,-0.689251447948407,0.685026727531426
6386.6,3.21,12.32,0.86,0.001,0.63,0.74,1.15,26.53,0.15,0.35,1.5,10,8.83,103.05,7.5,37.77,4.785,16.87,45.12,5,"Point Pleasant FM",4,-1.18851509450732,-0.689251447948407,0.685026727531426
6387,3.45,13.68,1.06,0.11,1.39,1.13,1.04,27.27,0.13,0.1,1.5,23.94,8.83,70.53,30.78,21.18,4.89,45.12,50.06,10.14,"Point Pleasant FM",4,-0.793192012966283,-0.395883223010919,0.466652202470163
6387.6,3.45,13.68,1.06,0.11,1.39,1.13,1.04,27.27,0.13,0.1,1.5,23.94,8.83,70.53,30.78,21.18,4.89,45.12,50.06,10.14,"Point Pleasant FM",4,-0.793192012966283,-0.395883223010919,0.466652202470163
6388,3.13,12.65,1.65,0.15,1.07,1.07,1.46,28.4,0.14,0.13,1.5,24.52,8.83,89.23,43.96,16.05,5.32,43.83,49.22,5,"Point Pleasant FM",4,-0.788561288682264,-0.760890665913966,0.595158647070714
6388.6,3.13,12.65,1.65,0.15,1.07,1.07,1.46,28.4,0.14,0.13,1.5,24.52,8.83,89.23,43.96,16.05,5.32,43.83,49.22,5,"Point Pleasant FM",4,-0.788561288682264,-0.760890665913966,0.595158647070714
6389,1.49,7.49,0.87,0.08,0.7,0.99,1.03,36.55,0.18,0.02,1.5,10,8.83,103.99,23.72,19,5.38,20.33,35.02,5,"Point Pleasant FM",4,-1.49351951798108,-0.609231603402025,0.55435573494157
6389.6,1.49,7.49,0.87,0.08,0.7,0.99,1.03,36.55,0.18,0.02,1.5,10,8.83,103.99,23.72,19,5.38,20.33,35.02,5,"Point Pleasant FM",4,-1.49351951798108,-0.609231603402025,0.55435573494157
6390,2.17,8.24,0.9,5.28,0.42,0.44,0.3,29.77,0.16,0.02,1.5,10,8.83,83.64,21.85,28.84,5.44,25.09,36.83,5,"Point Pleasant FM",4,-1.36854583317162,-1.67126294548367,1.67402288313802
6390.6,2.17,8.24,0.9,5.28,0.42,0.44,0.3,29.77,0.16,0.02,1.5,10,8.83,83.64,21.85,28.84,5.44,25.09,36.83,5,"Point Pleasant FM",4,-1.36854583317162,-1.67126294548367,1.67402288313802
6391,1.6,8.5,1.15,0.07,0.47,0.48,0.3,33.7,0.15,0.05,1.5,22.84,8.83,91.88,28,35.37,19.79,26.4,42.74,6.15,"Point Pleasant FM",4,-1.45290618930784,-0.154407418855985,0.402266743522129
6391.6,1.6,8.5,1.15,0.07,0.47,0.48,0.3,33.7,0.15,0.05,1.5,22.84,8.83,91.88,28,35.37,19.79,26.4,42.74,6.15,"Point Pleasant FM",4,-1.45290618930784,-0.154407418855985,0.402266743522129
6392,1.82,6.38,1.14,2.75,0.52,0.47,0.85,30.47,0.15,0.02,1.5,10,8.83,93.47,32.51,31.22,20.125,33.58,37.96,6.59,"Point Pleasant FM",4,-1.37848682526573,-0.875324112476523,0.866419677383575
6392.6,1.82,6.38,1.14,2.75,0.52,0.47,0.85,30.47,0.15,0.02,1.5,10,8.83,93.47,32.51,31.22,20.125,33.58,37.96,6.59,"Point Pleasant FM",4,-1.37848682526573,-0.875324112476523,0.866419677383575
6393,2.72,11.92,1.67,0.43,0.66,0.71,0.97,28.21,0.13,0.02,1.5,10,8.83,83.91,26,22.09,20.46,45.68,56.22,7.73,"Point Pleasant FM",4,-0.88749715192319,-0.0938890179722222,0.562067668976446
6393.6,2.72,11.92,1.67,0.43,0.66,0.71,0.97,28.21,0.13,0.02,1.5,10,8.83,83.91,26,22.09,20.46,45.68,56.22,7.73,"Point Pleasant FM",4,-0.88749715192319,-0.0938890179722222,0.562067668976446
6394,1.55,5.82,0.81,1.67,0.65,0.76,0.3,36.51,0.2,0.02,1.5,10,8.83,111.94,7.5,37,32.29,19.88,38.46,5,"Point Pleasant FM",4,-1.8738773542612,-0.145460980052232,0.349534652228221
6394.6,1.55,5.82,0.81,1.67,0.65,0.76,0.3,36.51,0.2,0.02,1.5,10,8.83,111.94,7.5,37,32.29,19.88,38.46,5,"Point Pleasant FM",4,-1.8738773542612,-0.145460980052232,0.349534652228221
6395,2.07,8.78,1.51,0.09,0.63,0.85,1.29,32.63,0.16,0.08,1.5,38.27,8.83,104.49,31.4,30.02,23.41,35.45,40.2,5,"Point Pleasant FM",4,-1.27419578136649,-0.34686356108858,0.285293038764507
6395.6,2.07,8.78,1.51,0.09,0.63,0.85,1.29,32.63,0.16,0.08,1.5,38.27,8.83,104.49,31.4,30.02,23.41,35.45,40.2,5,"Point Pleasant FM",4,-1.27419578136649,-0.34686356108858,0.285293038764507
6396,1.95,7.49,1.22,1.45,0.49,0.49,0.84,33.48,0.16,0.05,1.5,10,8.83,92.2,7.5,19.47,23.42,30.27,27.39,5,"Point Pleasant FM",4,-1.46256459287373,-0.219722849178792,0.712008504883848
6396.6,1.95,7.49,1.22,1.45,0.49,0.49,0.84,33.48,0.16,0.05,1.5,10,8.83,92.2,7.5,19.47,23.42,30.27,27.39,5,"Point Pleasant FM",4,-1.46256459287373,-0.219722849178792,0.712008504883848
6397,2.4,10.11,1.72,0.11,0.7,2.46,0.3,28.98,0.13,0.07,1.5,40.02,8.83,98.55,26.53,15.79,5.22,44.99,52.03,5,"Point Pleasant FM",4,-0.994979525263911,-0.322244813498627,0.122767325523109
6397.6,2.4,10.11,1.72,0.11,0.7,2.46,0.3,28.98,0.13,0.07,1.5,40.02,8.83,98.55,26.53,15.79,5.22,44.99,52.03,5,"Point Pleasant FM",4,-0.994979525263911,-0.322244813498627,0.122767325523109
6398,2.84,11.94,1.58,0.5,1.15,1.14,0.3,28.97,0.13,0.1,3.6,10,8.83,95.6,35.67,11.07,25.32,45.92,49.24,7.68,"Point Pleasant FM",4,-1.19974623697117,0.059782926930045,-0.156042034619203
6398.6,2.84,11.94,1.58,0.5,1.15,1.14,0.3,28.97,0.13,0.1,3.6,10,8.83,95.6,35.67,11.07,25.32,45.92,49.24,7.68,"Point Pleasant FM",4,-1.19974623697117,0.059782926930045,-0.156042034619203
6399,2.63,10.75,0.89,0.001,1.06,1.01,1.47,29.76,0.13,0.15,1.5,10,8.83,98.99,29.59,30.41,19.76,15.68,34.38,5,"Point Pleasant FM",4,-1.26578108576372,-0.27273213465905,0.176787534719478
6399,2.37,9.72,1.53,0.22,0.63,1.11,1.31,30.93,0.14,0.05,1.5,30.05,8.83,102.19,7.5,20.91,24.555,38.11,49.16,5,"Point Pleasant FM",4,-1.09368697310266,-0.0199566042267728,0.412704838897491
6399.6,2.37,9.72,1.53,0.22,0.63,1.11,1.31,30.93,0.14,0.05,1.5,30.05,8.83,102.19,7.5,20.91,24.555,38.11,49.16,5,"Point Pleasant FM",4,-1.09368697310266,-0.0199566042267728,0.412704838897491
6400,2.13,9.04,1.36,0.16,0.67,0.87,0.3,33.31,0.26,0.08,4.5,10,8.83,92.02,21.16,54.35,29.35,36.61,28.5,5,"Point Pleasant FM",4,-1.82230219715799,0.136162725753155,-0.319978633828482
6400.6,2.13,9.04,1.36,0.16,0.67,0.87,0.3,33.31,0.26,0.08,4.5,10,8.83,92.02,21.16,54.35,29.35,36.61,28.5,5,"Point Pleasant FM",4,-1.82230219715799,0.136162725753155,-0.319978633828482
6401,3.39,15.51,1.06,0.001,1.23,1.03,1.64,23.85,0.11,0.09,1.5,10,8.83,94.35,24.71,73.27,28.82,20.61,83.41,5,"Point Pleasant FM",4,-0.710344724966263,-0.0661675537548029,0.265831867412361
6401.6,3.39,15.51,1.06,0.001,1.23,1.03,1.64,23.85,0.11,0.09,1.5,10,8.83,94.35,24.71,73.27,28.82,20.61,83.41,5,"Point Pleasant FM",4,-0.710344724966263,-0.0661675537548029,0.265831867412361
6402,3.04,11.07,1.79,0.12,2.05,3.2,0.3,28.33,0.14,0.09,5.76,35.4,8.83,90.55,21.79,26.55,4.71,19.7,52.99,12.1,"Point Pleasant FM",4,-1.12091969930847,0.0544540913122265,-1.00594701813476
6402.6,3.04,11.07,1.79,0.12,2.05,3.2,0.3,28.33,0.14,0.09,5.76,35.4,8.83,90.55,21.79,26.55,4.71,19.7,52.99,12.1,"Point Pleasant FM",4,-1.12091969930847,0.0544540913122265,-1.00594701813476
6403,1.78,7.13,1.29,0.06,0.54,0.61,0.3,35.71,0.16,0.09,1.5,10,8.83,109.11,31.56,14.47,27.2,31.24,29.82,5,"Point Pleasant FM",4,-1.66367953720599,-0.00786799282957694,0.13634495047597
6403.6,1.78,7.13,1.29,0.06,0.54,0.61,0.3,35.71,0.16,0.09,1.5,10,8.83,109.11,31.56,14.47,27.2,31.24,29.82,5,"Point Pleasant FM",4,-1.66367953720599,-0.00786799282957694,0.13634495047597
6404,2.7,9.89,1.61,1.02,0.73,0.75,0.98,30.38,0.15,0.02,1.5,10,8.83,98.86,23.43,15.3,24.39,42.97,40.57,5,"Point Pleasant FM",4,-1.13412541389694,-0.208381380384527,0.563727137767446
6404.6,2.7,9.89,1.61,1.02,0.73,0.75,0.98,30.38,0.15,0.02,1.5,10,8.83,98.86,23.43,15.3,24.39,42.97,40.57,5,"Point Pleasant FM",4,-1.13412541389694,-0.208381380384527,0.563727137767446
6405,0.93,4.62,0.65,0.03,0.4,0.41,0.98,39.36,0.18,0.07,4.82,10,8.83,90.88,21.17,19.29,20.49,17.67,21.06,5,"Point Pleasant FM",4,-1.97342488789461,-0.140033717773636,-0.0293096066330396
6405.6,0.93,4.62,0.65,0.03,0.4,0.41,0.98,39.36,0.18,0.07,4.82,10,8.83,90.88,21.17,19.29,20.49,17.67,21.06,5,"Point Pleasant FM",4,-1.97342488789461,-0.140033717773636,-0.0293096066330396
6406,3.08,9.75,0.9,1.37,0.465,0.96,0.7,29.14,0.16,0.11,1.5,10,8.83,96.87,26.45,21.65,22.1,44.51,52.12,9.19,"Point Pleasant FM",4,-1.31748836504361,-0.425754129828902,0.403885230229697
6406.6,3.08,9.75,0.9,1.37,0.465,0.96,0.7,29.14,0.16,0.11,1.5,10,8.83,96.87,26.45,21.65,22.1,44.51,52.12,9.19,"Point Pleasant FM",4,-1.31748836504361,-0.425754129828902,0.403885230229697
6407,2.2,8.85,1.42,0.07,0.53,0.6,0.3,33.33,0.16,0.14,1.5,25.71,8.83,79.82,29.04,15.06,23.71,35.47,35.47,7.09,"Point Pleasant FM",4,-1.47477958202912,0.0654427341345815,0.198397221451286
6407.6,2.2,8.85,1.42,0.07,0.53,0.6,0.3,33.33,0.16,0.14,1.5,25.71,8.83,79.82,29.04,15.06,23.71,35.47,35.47,7.09,"Point Pleasant FM",4,-1.47477958202912,0.0654427341345815,0.198397221451286
6408,2.64,9.38,1.66,0.09,0.76,0.89,1.15,31.79,0.15,0.28,1.5,10,8.83,97.58,24.34,15.89,29.76,41.34,49.85,6.56,"Point Pleasant FM",4,-1.30062876750831,0.00446050461240735,0.0551284422284967
6408.6,2.64,9.38,1.66,0.09,0.76,0.89,1.15,31.79,0.15,0.28,1.5,10,8.83,97.58,24.34,15.89,29.76,41.34,49.85,6.56,"Point Pleasant FM",4,-1.30062876750831,0.00446050461240735,0.0551284422284967
6409,2.5,10.75,0.83,0.001,0.7,0.94,0.3,30.68,0.16,0.25,1.5,10,8.83,90.15,7.5,19.9,21.78,15.67,45.16,5,"Point Pleasant FM",4,-1.56398136003788,0.119853345377562,0.184947282599602
6409.6,2.5,10.75,0.83,0.001,0.7,0.94,0.3,30.68,0.16,0.25,1.5,10,8.83,90.15,7.5,19.9,21.78,15.67,45.16,5,"Point Pleasant FM",4,-1.56398136003788,0.119853345377562,0.184947282599602
6410,2.54,9.86,0.74,0.86,0.72,0.99,0.73,31.23,0.15,0.1,1.5,10,8.83,67.48,34.47,18.89,19.31,14.71,32.68,8.79,"Point Pleasant FM",4,-1.49507621004019,-0.148511852822212,0.151198382457891
6410.6,2.54,9.86,0.74,0.86,0.72,0.99,0.73,31.23,0.15,0.1,1.5,10,8.83,67.48,34.47,18.89,19.31,14.71,32.68,8.79,"Point Pleasant FM",4,-1.49507621004019,-0.148511852822212,0.151198382457891
6411,2.32,10.44,1.54,0.34,0.72,0.9,0.3,28.19,0.13,0.08,1.5,33.61,8.83,75.2,24.27,29.89,6.71,43.3,47.97,6.39,"Point Pleasant FM",4,-0.96497464818749,-0.356024454975635,0.679525758823112
6411.6,2.32,10.44,1.54,0.34,0.72,0.9,0.3,28.19,0.13,0.08,1.5,33.61,8.83,75.2,24.27,29.89,6.71,43.3,47.97,6.39,"Point Pleasant FM",4,-0.96497464818749,-0.356024454975635,0.679525758823112
6412,3.69,13.99,1.32,1.12,1.3,1.1,0.3,20.74,0.1,0.09,1.5,10,8.83,91.79,37.39,28.2,23.57,27.38,49.86,5,"Point Pleasant FM",4,-0.920636959550384,-0.133565457730532,0.301783737823036
6412.6,3.69,13.99,1.32,1.12,1.3,1.1,0.3,20.74,0.1,0.09,1.5,10,8.83,91.79,37.39,28.2,23.57,27.38,49.86,5,"Point Pleasant FM",4,-0.920636959550384,-0.133565457730532,0.301783737823036
6413,1.7,7.21,1.23,0.07,0.47,0.6,0.3,34.86,0.16,0.04,1.5,10,8.83,86.32,26.25,17.7,24.285,29.09,30.07,5,"Point Pleasant FM",4,-1.5834033288894,0.138133415662075,0.261342502280876
6413.6,1.7,7.21,1.23,0.07,0.47,0.6,0.3,34.86,0.16,0.04,1.5,10,8.83,86.32,26.25,17.7,24.285,29.09,30.07,5,"Point Pleasant FM",4,-1.5834033288894,0.138133415662075,0.261342502280876
6414,3.22,12.6,1.04,0.001,1.01,1.09,0.78,25.89,0.13,0.18,1.5,10,8.83,105.91,34.73,16.12,25,22.04,47.29,5,"Point Pleasant FM",4,-1.24894113236763,-0.0900558276357688,0.0343244270762065
6414.6,3.22,12.6,1.04,0.001,1.01,1.09,0.78,25.89,0.13,0.18,1.5,10,8.83,105.91,34.73,16.12,25,22.04,47.29,5,"Point Pleasant FM",4,-1.24894113236763,-0.0900558276357688,0.0343244270762065
6415,3.49,16.67,1.11,0.001,1.27,1.4,1.36,22.22,0.11,0.27,1.5,10,8.83,106.81,31.6,44.51,26.54,21.55,77.12,9.89,"Point Pleasant FM",4,-0.892344839486144,-0.183891370005999,-0.132766159432528
6415.6,3.49,16.67,1.11,0.001,1.27,1.4,1.36,22.22,0.11,0.27,1.5,10,8.83,106.81,31.6,44.51,26.54,21.55,77.12,9.89,"Point Pleasant FM",4,-0.892344839486144,-0.183891370005999,-0.132766159432528
6416,2.47,10.05,0.74,1.11,0.68,0.99,0.3,29.62,0.15,0.2,1.5,10,8.83,98.75,42.83,82.64,27.49,15.73,37.78,5,"Point Pleasant FM",4,-1.57729286425472,-0.437610241192211,-0.0102280881070112
6416.6,2.47,10.05,0.74,1.11,0.68,0.99,0.3,29.62,0.15,0.2,1.5,10,8.83,98.75,42.83,82.64,27.49,15.73,37.78,5,"Point Pleasant FM",4,-1.57729286425472,-0.437610241192211,-0.0102280881070112
6417,2.11,8.46,1.21,0.07,0.58,0.91,0.96,33.59,0.18,0.43,4.46,24.93,8.83,91.68,51.02,40.51,24.19,31.45,47.45,7.34,"Point Pleasant FM",4,-1.75155462969982,-0.52353476037883,-0.550245685165022
6417.6,2.11,8.46,1.21,0.07,0.58,0.91,0.96,33.59,0.18,0.43,4.46,24.93,8.83,91.68,51.02,40.51,24.19,31.45,47.45,7.34,"Point Pleasant FM",4,-1.75155462969982,-0.52353476037883,-0.550245685165022
6418,1.9,6.89,0.56,0.001,0.57,1.21,1.03,34.1,0.17,0.61,5.5,10,8.83,85.75,31.27,23.78,24.905,31.28,36.63,9.51,"Point Pleasant FM",4,-2.07462432729913,-0.268848663438301,-0.920331016483273
6418.6,1.9,6.89,0.56,0.001,0.57,1.21,1.03,34.1,0.17,0.61,5.5,10,8.83,85.75,31.27,23.78,24.905,31.28,36.63,9.51,"Point Pleasant FM",4,-2.07462432729913,-0.268848663438301,-0.920331016483273
6419,2.14,7.9,0.66,0.001,0.56,0.9,1.17,35.12,0.18,0.61,1.5,10,8.83,89.22,40.54,19.53,25.2625,32.23,35.48,5,"Point Pleasant FM",4,-1.91541126851598,-0.49290677878962,-0.25642654866994
6419.6,2.14,7.9,0.66,0.001,0.56,0.9,1.17,35.12,0.18,0.61,1.5,10,8.83,89.22,40.54,19.53,25.2625,32.23,35.48,5,"Point Pleasant FM",4,-1.91541126851598,-0.49290677878962,-0.25642654866994
6420,2.18,7.2,0.52,1.58,1.19,1.45,0.3,33.8,0.17,0.34,5.14,10,8.83,92.32,34.91,14.08,25.62,10.13,34.33,8.49,"Point Pleasant FM",4,-2.09823840284751,-0.316987188195209,-0.720803133793893
6420.6,2.18,7.2,0.52,1.58,1.19,1.45,0.3,33.8,0.17,0.34,5.14,10,8.83,92.32,34.91,14.08,25.62,10.13,34.33,8.49,"Point Pleasant FM",4,-2.09823840284751,-0.316987188195209,-0.720803133793893
6421,2.7,10.64,0.96,0.001,0.67,1.05,0.7,29.37,0.14,0.39,1.5,10,8.83,96.02,34.74,13.77,29.72,18.99,34.93,5,"Point Pleasant FM",4,-1.64075955853562,-0.019289807017591,-0.248999670631106
6421.6,2.7,10.64,0.96,0.001,0.67,1.05,0.7,29.37,0.14,0.39,1.5,10,8.83,96.02,34.74,13.77,29.72,18.99,34.93,5,"Point Pleasant FM",4,-1.64075955853562,-0.019289807017591,-0.248999670631106
6422,2.53,8.59,1.32,1.82,0.6,0.96,0.3,31.45,0.17,0.22,1.5,10,8.83,79.44,27.25,16.6,26.16,37.69,37.64,5,"Point Pleasant FM",4,-1.54075515490592,-0.261605581349433,0.320709563014278
6422.6,2.53,8.59,1.32,1.82,0.6,0.96,0.3,31.45,0.17,0.22,1.5,10,8.83,79.44,27.25,16.6,26.16,37.69,37.64,5,"Point Pleasant FM",4,-1.54075515490592,-0.261605581349433,0.320709563014278
6423,2.95,12.15,0.92,0.001,0.67,1.02,0.3,28.64,0.14,0.26,1.5,10,8.83,97.44,25.78,29.44,25.02,19.91,39.18,5,"Point Pleasant FM",4,-1.47842846573185,0.0247975930221495,-0.00819095567388016
6423.6,2.95,12.15,0.92,0.001,0.67,1.02,0.3,28.64,0.14,0.26,1.5,10,8.83,97.44,25.78,29.44,25.02,19.91,39.18,5,"Point Pleasant FM",4,-1.47842846573185,0.0247975930221495,-0.00819095567388016
6424,2.02,8.18,1.35,0.08,0.75,1.18,0.3,32.88,0.17,0.36,5,10,8.83,98.64,21.79,18.04,35.9,37.04,34.37,5,"Point Pleasant FM",4,-1.87810623656616,0.323950376345436,-0.749252071199303
6424.6,2.02,8.18,1.35,0.08,0.75,1.18,0.3,32.88,0.17,0.36,5,10,8.83,98.64,21.79,18.04,35.9,37.04,34.37,5,"Point Pleasant FM",4,-1.87810623656616,0.323950376345436,-0.749252071199303
6425,2.94,11.93,0.96,0.001,1.14,1.47,0.3,29.16,0.15,0.39,1.5,10,8.83,95.26,7.5,14.55,37.115,46.46,48.97,5,"Point Pleasant FM",4,-1.50745925733768,0.506922600099101,-0.338604644295405
6425.6,2.94,11.93,0.96,0.001,1.14,1.47,0.3,29.16,0.15,0.39,1.5,10,8.83,95.26,7.5,14.55,37.115,46.46,48.97,5,"Point Pleasant FM",4,-1.50745925733768,0.506922600099101,-0.338604644295405
6426,0.5,3.32,0.17,0.001,0.45,0.73,0.3,41.06,0.22,0.37,1.5,10,8.83,72.62,7.5,15.8,37.7225,13.27,12.72,5,"Point Pleasant FM",4,-2.55536788826117,0.483851062974032,-0.408609692260708
6426.6,0.5,3.32,0.17,0.001,0.45,0.73,0.3,41.06,0.22,0.37,1.5,10,8.83,72.62,7.5,15.8,37.7225,13.27,12.72,5,"Point Pleasant FM",4,-2.55536788826117,0.483851062974032,-0.408609692260708
6427,1.05,4.81,0.28,0.001,1.02,1.17,0.93,39.42,0.22,1.02,1.5,10,8.83,84.22,35,14.59,38.33,16.92,26.03,5,"Point Pleasant FM",4,-2.71233036024467,-0.240612620711182,-1.06770131126388
6427.6,1.05,4.81,0.28,0.001,1.02,1.17,0.93,39.42,0.22,1.02,1.5,10,8.83,84.22,35,14.59,38.33,16.92,26.03,5,"Point Pleasant FM",4,-2.71233036024467,-0.240612620711182,-1.06770131126388
6428,2.26,7.93,1.29,0.29,1.07,1.3,1.09,33.96,0.18,0.4,1.5,10,8.83,106.15,7.5,25.35,35.27,31.79,39.73,7.84,"Point Pleasant FM",4,-1.69375989810239,0.149529806078934,-0.338130798133752
6428.6,2.26,7.93,1.29,0.29,1.07,1.3,1.09,33.96,0.18,0.4,1.5,10,8.83,106.15,7.5,25.35,35.27,31.79,39.73,7.84,"Point Pleasant FM",4,-1.69375989810239,0.149529806078934,-0.338130798133752
6429,1.69,7.05,0.44,0.001,0.59,0.98,0.3,36.18,0.2,0.35,1.5,10,8.83,98.32,7.5,7.5,33.585,27.55,30.1,5,"Point Pleasant FM",4,-2.12684485085382,0.266587745036956,-0.23306215129095
6429.6,1.69,7.05,0.44,0.001,0.59,0.98,0.3,36.18,0.2,0.35,1.5,10,8.83,98.32,7.5,7.5,33.585,27.55,30.1,5,"Point Pleasant FM",4,-2.12684485085382,0.266587745036956,-0.23306215129095
6430,2.17,9.36,1.36,0.38,0.69,1.14,0.82,31.53,0.18,0.38,1.5,10,8.83,90.38,7.5,20.04,31.9,37.22,46.18,7.22,"Point Pleasant FM",4,-1.58640958379737,0.154923030035812,-0.0934598530965878
6430.6,2.17,9.36,1.36,0.38,0.69,1.14,0.82,31.53,0.18,0.38,1.5,10,8.83,90.38,7.5,20.04,31.9,37.22,46.18,7.22,"Point Pleasant FM",4,-1.58640958379737,0.154923030035812,-0.0934598530965878
6431,2.88,12.06,0.82,0.001,1.02,1.23,0.9,30.4,0.16,0.41,1.5,10,8.83,79.64,7.5,28.24,28.37,16.62,48.35,5,"Point Pleasant FM",4,-1.5265319306279,0.213774227421978,-0.126576323725884
6431.6,2.88,12.06,0.82,0.001,1.02,1.23,0.9,30.4,0.16,0.41,1.5,10,8.83,79.64,7.5,28.24,28.37,16.62,48.35,5,"Point Pleasant FM",4,-1.5265319306279,0.213774227421978,-0.126576323725884
6432,2.26,10.12,0.71,0.001,0.75,1.31,0.3,31.74,0.19,0.39,1.5,10,8.83,91.54,30.7,7.5,32.78,15.04,44.55,5,"Point Pleasant FM",4,-1.9500373949778,0.152989504223826,-0.464199894944404
6432.6,2.26,10.12,0.71,0.001,0.75,1.31,0.3,31.74,0.19,0.39,1.5,10,8.83,91.54,30.7,7.5,32.78,15.04,44.55,5,"Point Pleasant FM",4,-1.9500373949778,0.152989504223826,-0.464199894944404
6433,3.17,13.31,1.78,0.12,1.12,1.39,1.42,27.42,0.15,0.43,1.5,39.46,8.83,97.35,34.35,13.06,26.07,19.39,63.87,7.4,"Point Pleasant FM",4,-1.19058001013535,-0.310765282291093,-0.199420054385933
6433.6,3.17,13.31,1.78,0.12,1.12,1.39,1.42,27.42,0.15,0.43,1.5,39.46,8.83,97.35,34.35,13.06,26.07,19.39,63.87,7.4,"Point Pleasant FM",4,-1.19058001013535,-0.310765282291093,-0.199420054385933
6434,1.91,8.03,0.53,1.29,0.67,1.11,0.3,33.8,0.2,0.23,1.5,10,8.83,89.24,31.37,19.28,27.73,11.38,36.1,5,"Point Pleasant FM",4,-1.99589796992221,-0.26263506274177,-0.0422408525808335
6434.6,1.91,8.03,0.53,1.29,0.67,1.11,0.3,33.8,0.2,0.23,1.5,10,8.83,89.24,31.37,19.28,27.73,11.38,36.1,5,"Point Pleasant FM",4,-1.99589796992221,-0.26263506274177,-0.0422408525808335
6435,3.14,10.56,1.81,2.01,0.77,0.89,1.43,24.87,0.14,0.02,1.5,10,8.83,94.84,20.49,30.09,28.75,20.99,56.36,7.05,"Point Pleasant FM",4,-0.969344028075741,-0.313816381230133,0.584693509782551
6435.6,3.14,10.56,1.81,2.01,0.77,0.89,1.43,24.87,0.14,0.02,1.5,10,8.83,94.84,20.49,30.09,28.75,20.99,56.36,7.05,"Point Pleasant FM",4,-0.969344028075741,-0.313816381230133,0.584693509782551
6436,2.01,8.97,0.62,0.001,1.06,1.4,0.92,33.44,0.17,0.49,1.5,10,8.83,106.44,32.1,27.63,31.665,12.66,34.62,5,"Point Pleasant FM",4,-1.94842264054562,-0.14847625958491,-0.567845642252372
6436.6,2.01,8.97,0.62,0.001,1.06,1.4,0.92,33.44,0.17,0.49,1.5,10,8.83,106.44,32.1,27.63,31.665,12.66,34.62,5,"Point Pleasant FM",4,-1.94842264054562,-0.14847625958491,-0.567845642252372
6437,3.79,13.85,1.2,0.001,1.77,2.1,2.01,24.63,0.12,0.42,1.5,10,8.83,100.88,32.61,34.43,33.1225,22.66,46.19,10.58,"Point Pleasant FM",4,-1.12189796468823,0.0400586099647861,-0.777263385557324
6437.6,3.79,13.85,1.2,0.001,1.77,2.1,2.01,24.63,0.12,0.42,1.5,10,8.83,100.88,32.61,34.43,33.1225,22.66,46.19,10.58,"Point Pleasant FM",4,-1.12189796468823,0.0400586099647861,-0.777263385557324
6438,2.4,9.58,0.61,1.24,0.59,0.94,0.3,31.69,0.16,0.28,1.5,10,8.83,97.39,28.12,22.55,34.58,13.12,37.44,5,"Point Pleasant FM",4,-1.8667465174892,-0.0998586053826628,-0.0777810050440319
6438.6,2.4,9.58,0.61,1.24,0.59,0.94,0.3,31.69,0.16,0.28,1.5,10,8.83,97.39,28.12,22.55,34.58,13.12,37.44,5,"Point Pleasant FM",4,-1.8667465174892,-0.0998586053826628,-0.0777810050440319
6439,2.62,14.41,0.8,0.001,0.51,0.74,0.3,25.9,0.12,0.24,1.5,10,8.83,92.04,31.9,55.37,19.65,18.19,33.72,5,"Point Pleasant FM",4,-1.32188129459832,-0.211790351018461,0.203940938762685
6439.6,2.62,14.41,0.8,0.001,0.51,0.74,0.3,25.9,0.12,0.24,1.5,10,8.83,92.04,31.9,55.37,19.65,18.19,33.72,5,"Point Pleasant FM",4,-1.32188129459832,-0.211790351018461,0.203940938762685
6440,1.74,9.74,0.48,0.86,0.48,0.75,0.3,33.88,0.17,0.42,1.5,10,8.83,85.84,7.5,42.95,39.67,10.02,30.88,5,"Point Pleasant FM",4,-2.058992521489,0.218037043614,-0.186257721918643
6440.6,1.74,9.74,0.48,0.86,0.48,0.75,0.3,33.88,0.17,0.42,1.5,10,8.83,85.84,7.5,42.95,39.67,10.02,30.88,5,"Point Pleasant FM",4,-2.058992521489,0.218037043614,-0.186257721918643
6441,0.61,5.92,0.13,0.001,0.49,1,0.3,40.6,0.22,0.74,1.5,10,8.83,104.85,29.28,27.65,33.755,10.48,1.5,5,"Point Pleasant FM",4,-2.7898679653283,-0.243791136015008,-0.807174054006589
6441.6,0.61,5.92,0.13,0.001,0.49,1,0.3,40.6,0.22,0.74,1.5,10,8.83,104.85,29.28,27.65,33.755,10.48,1.5,5,"Point Pleasant FM",4,-2.7898679653283,-0.243791136015008,-0.807174054006589
6442,1.65,7.68,0.15,1.66,0.29,0.43,0.82,36.37,0.16,0.02,1.5,10,8.83,90.08,7.5,7.5,30.7975,10.74,15.07,5,"Point Pleasant FM",4,-1.92272135680964,-0.0801235083250223,0.500567763220639
6442.6,1.65,7.68,0.15,1.66,0.29,0.43,0.82,36.37,0.16,0.02,1.5,10,8.83,90.08,7.5,7.5,30.7975,10.74,15.07,5,"Point Pleasant FM",4,-1.92272135680964,-0.0801235083250223,0.500567763220639
6443,1.51,11.63,0.88,0.05,0.49,0.82,0.3,32.62,0.12,0.17,1.5,10,8.83,89.1,7.5,16.72,27.84,24.47,33.82,6.16,"Point Pleasant FM",4,-1.53960121140926,0.338909173442576,0.149919310929381
6443.6,1.51,11.63,0.88,0.05,0.49,0.82,0.3,32.62,0.12,0.17,1.5,10,8.83,89.1,7.5,16.72,27.84,24.47,33.82,6.16,"Point Pleasant FM",4,-1.53960121140926,0.338909173442576,0.149919310929381
6444,1.59,8.25,0.03,2.29,0.2,0.27,0.93,37.94,0.13,0.02,1.5,10,8.83,72.32,7.5,7.5,25.38,5.01,16.52,5,"Point Pleasant FM",4,-1.81856267162541,-0.275011171324332,0.796711416627622
6444.6,1.59,8.25,0.03,2.29,0.2,0.27,0.93,37.94,0.13,0.02,1.5,10,8.83,72.32,7.5,7.5,25.38,5.01,16.52,5,"Point Pleasant FM",4,-1.81856267162541,-0.275011171324332,0.796711416627622
